{"name":"0862bb6e-8a07-438b-b355-8c19dc076a08","id":"/providers/Microsoft.Flow/flows/0862bb6e-8a07-438b-b355-8c19dc076a08","type":"Microsoft.Flow/flows","properties":{"apiId":"/providers/Microsoft.PowerApps/apis/shared_logicflows","displayName":"Planner - Importar Tarefas do Excel","definition":{"metadata":{"workflowEntityId":null,"processAdvisorMetadata":null,"flowChargedByPaygo":null,"flowclientsuspensionreason":"None","flowclientsuspensiontime":null,"flowclientsuspensionreasondetails":null,"creator":{"id":"00cd8c8a-9e19-40a3-9418-d3899b01f667","type":"User","tenantId":"6bd493a1-286f-4730-9950-33029af22dde"},"provisioningMethod":"FromDefinition","failureAlertSubscription":true,"clientLastModifiedTime":"2025-01-29T19:43:35.4469798Z","connectionKeySavedTimeKey":"2025-01-29T19:43:35.4469798Z"},"$schema":"https://schema.management.azure.com/providers/Microsoft.Logic/schemas/2016-06-01/workflowdefinition.json#","contentVersion":"1.0.0.0","parameters":{"$authentication":{"defaultValue":{},"type":"SecureObject"},"$connections":{"defaultValue":{},"type":"Object"}},"triggers":{"Recurrence":{"recurrence":{"interval":1,"frequency":"Day","timeZone":"E. South America Standard Time","schedule":{"hours":["12"],"minutes":[0]}},"type":"Recurrence","runtimeConfiguration":{"concurrency":{"runs":20}}}},"actions":{"BucketID":{"runAfter":{"TarefasCriadas-Tabela":["Succeeded"]},"metadata":{"operationMetadataId":"4a5bf64c-2890-45fa-b98d-e5bbe16ffb4e"},"type":"InitializeVariable","inputs":{"variables":[{"name":"BucketId","type":"string"}]}},"ResumoDatasReprogramadas-Tabela":{"runAfter":{"PlannerTasks":["Succeeded"]},"type":"InitializeVariable","inputs":{"variables":[{"name":"ResumoDatasReprogramadas-Tabela","type":"array"}]}},"TarefasCriadas-Tabela":{"runAfter":{"ResumoDatasReprogramadas-Tabela":["Succeeded"]},"type":"InitializeVariable","inputs":{"variables":[{"name":"TarefasCriadas-Tabela","type":"array"}]}},"BucketsWorksheet":{"runAfter":{"Id2Bucket":["Succeeded"]},"type":"InitializeVariable","inputs":{"variables":[{"name":"BucketsWorksheet","type":"array"}]}},"Bucket2Id":{"runAfter":{"TaskID":["Succeeded"]},"type":"InitializeVariable","inputs":{"variables":[{"name":"Bucket2Id","type":"object","value":{}}]}},"Id2Bucket":{"runAfter":{"Bucket2Id":["Succeeded"]},"type":"InitializeVariable","inputs":{"variables":[{"name":"Id2Bucket","type":"object","value":{}}]}},"PlannerTasks":{"runAfter":{"5-Concluido-Unique":["Succeeded"]},"type":"InitializeVariable","inputs":{"variables":[{"name":"PlannerTasks","type":"array"}]}},"Condition_7-copy":{"actions":{"Constroi_Bucket2Id_e_Id2Bucket_1":{"actions":{"Constroi_Bucket2Id_e_Id2Bucket":{"foreach":"@outputs('List_buckets_1')?['body/value']","actions":{"Compose_Bucket2Id":{"type":"Compose","inputs":"@addProperty(variables('Bucket2Id'), item()?['name'], item()?['id'])"},"Set_Bucket2Id":{"runAfter":{"Compose_Bucket2Id":["Succeeded"]},"type":"SetVariable","inputs":{"name":"Bucket2Id","value":"@outputs('Compose_Bucket2Id')"}},"Compose_Id2Bucket":{"runAfter":{"Set_Bucket2Id":["Succeeded"]},"type":"Compose","inputs":"@addProperty(variables('Id2Bucket'), item()?['id'], item()?['name'])"},"Set_Id2Bucket":{"runAfter":{"Compose_Id2Bucket":["Succeeded"]},"type":"SetVariable","inputs":{"name":"Id2Bucket","value":"@outputs('Compose_Id2Bucket')"}}},"runAfter":{"List_buckets_1":["Succeeded"]},"metadata":{"operationMetadataId":"488cd23b-dcd5-4fcb-afbf-3de69d257206"},"type":"Foreach"},"List_buckets_1":{"type":"OpenApiConnection","inputs":{"parameters":{"groupId":"@variables('GroupID')","id":"@variables('PlanID')"},"host":{"apiId":"/providers/Microsoft.PowerApps/apis/shared_planner","connectionName":"shared_planner","operationId":"ListBuckets_V3"},"authentication":"@parameters('$authentication')"}}},"metadata":{"operationMetadataId":"af212331-f63c-45a2-b2b9-9460d8fb09e4"},"type":"Scope"},"Constroi_BucketsWorksheet_e_BucketsWorksheetUniqueItems":{"actions":{"List_rows_present_in_a_table_1":{"runAfter":{"Get_tables_2":["Succeeded"]},"metadata":{"01RUBG6D4FJAWHWBBQ5JBJDCMDX7FV36HD":"/0-GERENCIAMENTO/Planejamento/Verificacao Interdisciplinar/StatusVerificacao.xlsx","tableId":"@outputs('Get_tables_2')?['body/value'][0]['id']"},"type":"OpenApiConnection","inputs":{"parameters":{"source":"me","drive":"b!EPxXn3PHJkmm0DwFas1P2GiW2328nE1CkyE7JvTPA2GYNKq-0PGzR4PTZY0cyTeY","file":"@outputs('Get_file_metadata_1')?['body/Id']","table":"@outputs('Get_tables_2')?['body/value'][0]['id']"},"host":{"apiId":"/providers/Microsoft.PowerApps/apis/shared_excelonlinebusiness","connectionName":"shared_excelonlinebusiness","operationId":"GetItems"},"authentication":"@parameters('$authentication')"},"runtimeConfiguration":{"paginationPolicy":{"minimumItemCount":3000}}},"Apply_to_each_1":{"foreach":"@outputs('List_rows_present_in_a_table_1')?['body/value']","actions":{"Append_BucketsWorksheet":{"runAfter":{"Switch":["Succeeded"]},"type":"AppendToArrayVariable","inputs":{"name":"BucketsWorksheet","value":{"Documento":"@item()?['Documento']","Bucket":"@item()?['Bucket']","DataPlanejada":"@item()?['DataPlanejada']","DataInicio":"@item()?['DataInicio']","DataLimite":"@item()?['DataLimite']","DataEmissao":"@item()?['DataEmissao']","Planejador":"@item()?['Planejador']","Desenvolvedor":"@item()?['Desenvolvedor']","Verificadores":"@split(\r\n\treplace(\t\r\n\t\treplace(\r\n\t\t\titem()?['Verificadores'],\r\n\t\t\t '\\n',\r\n\t\t\t ''\r\n\t\t),\r\n\t\t' ',\r\n\t\t''\r\n\t),\r\n\t', '\r\n)","Titulo":"@item()?['Titulo']"}}},"Switch":{"cases":{"0_-_Documentos_Não_Iniciados":{"case":"0 - Documentos Não Iniciados","actions":{"Append_0_-_Documentos_Não_Iniciados":{"type":"AppendToArrayVariable","inputs":{"name":"0-DocumentosNaoIniciados","value":{"Documento":"@item()?['Documento']","Bucket":"@item()?['Bucket']","DataPlanejada":"@item()?['DataPlanejada']","DataInicio":"@item()?['DataInicio']","DataLimite":"@item()?['DataLimite']","DataEmissao":"@item()?['DataEmissao']","Planejador":"@item()?['Planejador']","Desenvolvedor":"@item()?['Desenvolvedor']","Verificadores":"@split(\r\n\treplace(\t\r\n\t\treplace(\r\n\t\t\titem()?['Verificadores'],\r\n\t\t\t '\\n',\r\n\t\t\t ''\r\n\t\t),\r\n\t\t' ',\r\n\t\t''\r\n\t),\r\n\t', '\r\n)","Titulo":"@item()?['Titulo']"}}}}},"1_-_Em_Desenvolvimento":{"case":"1 - Em Desenvolvimento","actions":{"Append_1_-_Em_Desenvolvimento":{"type":"AppendToArrayVariable","inputs":{"name":"1-EmDesenvolvimento","value":{"Documento":"@item()?['Documento']","Bucket":"@item()?['Bucket']","DataPlanejada":"@item()?['DataPlanejada']","DataInicio":"@item()?['DataInicio']","DataLimite":"@item()?['DataLimite']","DataEmissao":"@item()?['DataEmissao']","Planejador":"@item()?['Planejador']","Desenvolvedor":"@item()?['Desenvolvedor']","Verificadores":"@split(\r\n\treplace(\t\r\n\t\treplace(\r\n\t\t\titem()?['Verificadores'],\r\n\t\t\t '\\n',\r\n\t\t\t ''\r\n\t\t),\r\n\t\t' ',\r\n\t\t''\r\n\t),\r\n\t', '\r\n)","Titulo":"@item()?['Titulo']"}}}}},"2_-_Em_Verificacao":{"case":"2 - Em Verificacao","actions":{"Append_2_-_Em_Verificacao":{"type":"AppendToArrayVariable","inputs":{"name":"2-EmVerificacao","value":{"Documento":"@item()?['Documento']","Bucket":"@item()?['Bucket']","DataPlanejada":"@item()?['DataPlanejada']","DataInicio":"@item()?['DataInicio']","DataLimite":"@item()?['DataLimite']","DataEmissao":"@item()?['DataEmissao']","Planejador":"@item()?['Planejador']","Desenvolvedor":"@item()?['Desenvolvedor']","Verificadores":"@split(\r\n\treplace(\t\r\n\t\treplace(\r\n\t\t\titem()?['Verificadores'],\r\n\t\t\t '\\n',\r\n\t\t\t ''\r\n\t\t),\r\n\t\t' ',\r\n\t\t''\r\n\t),\r\n\t', '\r\n)","Titulo":"@item()?['Titulo']"}}}}},"3_-_Em_Atendimento_de_Comentarios":{"case":"3 - Em Atendimento de Comentarios","actions":{"Append_3_-_Em_Atendimento_de_Comentarios":{"type":"AppendToArrayVariable","inputs":{"name":"3-EmAtendimentoComentarios","value":{"Documento":"@item()?['Documento']","Bucket":"@item()?['Bucket']","DataPlanejada":"@item()?['DataPlanejada']","DataInicio":"@item()?['DataInicio']","DataLimite":"@item()?['DataLimite']","DataEmissao":"@item()?['DataEmissao']","Planejador":"@item()?['Planejador']","Desenvolvedor":"@item()?['Desenvolvedor']","Verificadores":"@split(\r\n\treplace(\t\r\n\t\treplace(\r\n\t\t\titem()?['Verificadores'],\r\n\t\t\t '\\n',\r\n\t\t\t ''\r\n\t\t),\r\n\t\t' ',\r\n\t\t''\r\n\t),\r\n\t', '\r\n)","Titulo":"@item()?['Titulo']"}}}}},"4_-_Em_Emissao":{"case":"4 - Em Emissao","actions":{"Append_4_-_Em_Emissao":{"type":"AppendToArrayVariable","inputs":{"name":"4-EmEmissao","value":{"Documento":"@item()?['Documento']","Bucket":"@item()?['Bucket']","DataPlanejada":"@item()?['DataPlanejada']","DataInicio":"@item()?['DataInicio']","DataLimite":"@item()?['DataLimite']","DataEmissao":"@item()?['DataEmissao']","Planejador":"@item()?['Planejador']","Desenvolvedor":"@item()?['Desenvolvedor']","Verificadores":"@split(\r\n\treplace(\t\r\n\t\treplace(\r\n\t\t\titem()?['Verificadores'],\r\n\t\t\t '\\n',\r\n\t\t\t ''\r\n\t\t),\r\n\t\t' ',\r\n\t\t''\r\n\t),\r\n\t', '\r\n)","Titulo":"@item()?['Titulo']"}}}}},"5_-_Concluido":{"case":"5 - Concluido","actions":{"Append_5_-_Concluido":{"type":"AppendToArrayVariable","inputs":{"name":"5-Concluido","value":{"Documento":"@item()?['Documento']","Bucket":"@item()?['Bucket']","DataPlanejada":"@item()?['DataPlanejada']","DataInicio":"@item()?['DataInicio']","DataLimite":"@item()?['DataLimite']","DataEmissao":"@item()?['DataEmissao']","Planejador":"@item()?['Planejador']","Desenvolvedor":"@item()?['Desenvolvedor']","Verificadores":"@split(\r\n\treplace(\t\r\n\t\treplace(\r\n\t\t\titem()?['Verificadores'],\r\n\t\t\t '\\n',\r\n\t\t\t ''\r\n\t\t),\r\n\t\t' ',\r\n\t\t''\r\n\t),\r\n\t', '\r\n)","Titulo":"@item()?['Titulo']"}}}}}},"default":{"actions":{}},"expression":"@item()?['Bucket']","type":"Switch"}},"runAfter":{"List_rows_present_in_a_table_1":["Succeeded"]},"type":"Foreach"},"Get_tables_2":{"runAfter":{"Get_file_metadata_1":["Succeeded"]},"type":"OpenApiConnection","inputs":{"parameters":{"source":"me","drive":"b!EPxXn3PHJkmm0DwFas1P2GiW2328nE1CkyE7JvTPA2GYNKq-0PGzR4PTZY0cyTeY","file":"@outputs('Get_file_metadata_1')?['body/Id']"},"host":{"apiId":"/providers/Microsoft.PowerApps/apis/shared_excelonlinebusiness","connectionName":"shared_excelonlinebusiness","operationId":"GetTables"},"authentication":"@parameters('$authentication')"}},"Get_file_metadata_1":{"metadata":{"b!EPxXn3PHJkmm0DwFas1P2GiW2328nE1CkyE7JvTPA2GYNKq-0PGzR4PTZY0cyTeY.01RUBG6D3GA2YHBXMEGREY73PBP6QZM2XJ":"/0-GERENCIAMENTO/Planejamento/StatusVerificacao.xlsm","b!EPxXn3PHJkmm0DwFas1P2GiW2328nE1CkyE7JvTPA2GYNKq-0PGzR4PTZY0cyTeY.01RUBG6DZPPAOQAMFCDBGIVQLMQEMR2JMJ":"/0-GERENCIAMENTO/Planejamento/StatusVerificacao.xlsm"},"type":"OpenApiConnection","inputs":{"parameters":{"id":"b!EPxXn3PHJkmm0DwFas1P2GiW2328nE1CkyE7JvTPA2GYNKq-0PGzR4PTZY0cyTeY.01RUBG6DZPPAOQAMFCDBGIVQLMQEMR2JMJ"},"host":{"apiId":"/providers/Microsoft.PowerApps/apis/shared_onedriveforbusiness","connectionName":"shared_onedriveforbusiness","operationId":"GetFileMetadata"},"authentication":"@parameters('$authentication')"}},"Compose_-_BucketsWorksheet._Importante_a_ordenação_para_processar_corretamente_1":{"runAfter":{"Apply_to_each_1":["Succeeded"]},"type":"Compose","inputs":"@reverse(\r\n\tsort(\r\n\t\tvariables('5-Concluido'),\r\n\t\t'DataEmissao'\r\n\t)\r\n)"},"Set_5-Concluido":{"runAfter":{"Compose_-_BucketsWorksheet._Importante_a_ordenação_para_processar_corretamente_1":["Succeeded"]},"type":"SetVariable","inputs":{"name":"5-Concluido","value":"@outputs('Compose_-_BucketsWorksheet._Importante_a_ordenação_para_processar_corretamente_1')"}},"Remove_duplicados":{"actions":{"Select_5-Concluido":{"runAfter":{"Filter_Not_5-Concluido":["Succeeded"]},"type":"Select","inputs":{"from":"@variables('5-Concluido')","select":{"Documento":"@item()['Documento']"}}},"Filter_5-Concluidos":{"runAfter":{"Select_5-Concluido":["Succeeded"]},"type":"Compose","inputs":"@union(\r\n\tbody('Select_5-Concluido'),\r\n\tbody('Select_5-Concluido')\r\n)"},"Filtra_documentos_unicos_no_array_5-Concluido":{"foreach":"@outputs('Filter_5-Concluidos')","actions":{"Se_Filter_não_vazio,_Se_documento_não_existe_nos_outros_buckets":{"actions":{"Append_5-Concluido-Unique":{"type":"AppendToArrayVariable","inputs":{"name":"5-Concluido-Unique","value":"@first(body('Filter_BucketsWorksheet_1'))"}}},"runAfter":{"DEBUG_3":["Succeeded"]},"else":{"actions":{}},"expression":{"and":[{"equals":["@empty(body('Filter_BucketsWorksheet_1'))","@false"]},{"equals":["@contains(\n\tstring(\n\t\toutputs('Filter_Not_5-Concluido')\n\t),\n\titems('Filtra_documentos_unicos_no_array_5-Concluido')['Documento']\n)","@false"]}]},"type":"If"},"Filter_BucketsWorksheet_1":{"type":"Query","inputs":{"from":"@variables('5-Concluido')","where":"@equals(item()?['Documento'],items('Filtra_documentos_unicos_no_array_5-Concluido')['Documento'])"}},"DEBUG_3":{"runAfter":{"Filter_BucketsWorksheet_1":["Succeeded"]},"type":"Compose","inputs":"[\n'Filter_BucketsWorksheet':   @{body('Filter_BucketsWorksheet_1')},\n'Filter_BucketsWorksheet Empty?':    @{empty(body('Filter_BucketsWorksheet_1'))},\n'Filter_Not_5-Concluido': @{outputs('Filter_Not_5-Concluido')}\n]"}},"runAfter":{"Filter_5-Concluidos":["Succeeded"]},"type":"Foreach"},"Select_Not_5-Concluido":{"type":"Select","inputs":{"from":"@union(\n\tvariables('0-DocumentosNaoIniciados'),\n\tvariables('1-EmDesenvolvimento'),\n\tvariables('2-EmVerificacao'),\n\tvariables('3-EmAtendimentoComentarios'),\n\tvariables('4-EmEmissao')\n)","select":{"Documento":"@item()['Documento']"}}},"Filter_Not_5-Concluido":{"runAfter":{"Select_Not_5-Concluido":["Succeeded"]},"type":"Compose","inputs":"@union(\r\n\tbody('Select_Not_5-Concluido'),\r\n\tbody('Select_Not_5-Concluido')\r\n)"}},"runAfter":{"Set_5-Concluido":["Succeeded"]},"type":"Scope"},"Compose_-_Une_e_Ordena_o_array":{"runAfter":{"Remove_duplicados":["Succeeded"]},"type":"Compose","inputs":"@reverse(\r\n\tsort(\r\n\t\treverse(\r\n\t\t\tsort(\r\n\t\t\t\tunion(\r\n\t\t\t\t\tvariables('0-DocumentosNaoIniciados'),\r\n\t\t\t\t\tvariables('1-EmDesenvolvimento'),\r\n\t\t\t\t\tvariables('2-EmVerificacao'),\r\n\t\t\t\t\tvariables('3-EmAtendimentoComentarios'),\r\n\t\t\t\t\tvariables('4-EmEmissao'),\r\n\t\t\t\t\tvariables('5-Concluido-Unique')\r\n\t\t\t\t),\r\n\t\t\t\t'DataEmissao'\r\n\t\t\t)\r\n\t\t),\r\n\t\t'Bucket'\r\n\t)\r\n)"},"DEBUG_1":{"runAfter":{"Set_BucketsWorksheetUniqueItems":["Succeeded"]},"type":"Compose","inputs":"@variables('BucketsWorksheetUniqueItems')"},"Set_BucketsWorksheetUniqueItems":{"runAfter":{"Compose_-_Une_e_Ordena_o_array":["Succeeded"]},"type":"SetVariable","inputs":{"name":"BucketsWorksheetUniqueItems","value":"@outputs('Compose_-_Une_e_Ordena_o_array')"}}},"runAfter":{"Constroi_Bucket2Id_e_Id2Bucket_1":["Succeeded"]},"type":"Scope"},"Constroi_PlannerTasks":{"actions":{"List_tasks_1":{"metadata":{"operationMetadataId":"c0893371-0230-4042-92a8-297a7fcee9a7"},"type":"OpenApiConnection","inputs":{"parameters":{"groupId":"@variables('GroupID')","id":"@variables('PlanID')"},"host":{"apiId":"/providers/Microsoft.PowerApps/apis/shared_planner","connectionName":"shared_planner_1","operationId":"ListTasks_V3"},"authentication":"@parameters('$authentication')"},"runtimeConfiguration":{"paginationPolicy":{"minimumItemCount":3000}}},"Set_PlannerTasks":{"runAfter":{"List_tasks_1":["Succeeded"]},"type":"SetVariable","inputs":{"name":"PlannerTasks","value":"@outputs('List_tasks_1')?['body/value']"}}},"runAfter":{"Constroi_BucketsWorksheet_e_BucketsWorksheetUniqueItems":["Succeeded"]},"type":"Scope"},"Envia_notificação":{"actions":{"Se_ResumoDatasReprogramadas-Tabela_não_vazia":{"actions":{"HTML_table_ResumoDatasReprogramadas-Tabela":{"runAfter":{"Compose_-_ResumoDatasReprogramadas-Tabela._Ordena_por_projeto":["Succeeded"]},"type":"Table","inputs":{"from":"@outputs('Compose_-_ResumoDatasReprogramadas-Tabela._Ordena_por_projeto')","format":"HTML","columns":[{"header":"Tarefa","value":"@item()['Tarefa']"},{"header":"Bucket","value":"@item()['Bucket']"},{"header":"DataAntiga","value":"@item()['DataAntiga']"},{"header":"DataNova","value":"@item()['DataNova']"}]}},"Append_MensagemNotificacao_1":{"runAfter":{"HTML_table_ResumoDatasReprogramadas-Tabela":["Succeeded"]},"type":"AppendToStringVariable","inputs":{"name":"MensagemNotificacao","value":"<p class=\"editor-paragraph\">Resumo das datas que foram modificadas na lista de documentos em relação à última verificação:<br>@{body('HTML_table_ResumoDatasReprogramadas-Tabela')}<br><br>"}},"Compose_-_ResumoDatasReprogramadas-Tabela._Ordena_por_projeto":{"type":"Compose","inputs":"@sort(\r\n\tvariables('ResumoDatasReprogramadas-Tabela'),\r\n\t'Tarefa'\r\n)"}},"else":{"actions":{}},"expression":{"and":[{"equals":["@empty(variables('ResumoDatasReprogramadas-Tabela'))","@false"]}]},"type":"If"},"Se_TarefasCriadas-Tabela_não_vazia":{"actions":{"HTML_table_TarefasCriadas-Tabela":{"runAfter":{"Compose_-_TarefasCriadas-Tabela._Ordena_por_projeto":["Succeeded"]},"type":"Table","inputs":{"from":"@outputs('Compose_-_TarefasCriadas-Tabela._Ordena_por_projeto')","format":"HTML","columns":[{"header":"Tarefa","value":"@item()['Tarefa']"},{"header":"Bucket","value":"@item()['Bucket']"},{"header":"DataNova","value":"@item()['DataNova']"}]}},"Append_MensagemNotificacao_2":{"runAfter":{"HTML_table_TarefasCriadas-Tabela":["Succeeded"]},"type":"AppendToStringVariable","inputs":{"name":"MensagemNotificacao","value":"<p class=\"editor-paragraph\">Resumo dos documentos que entraram na lista de documentos em relação à última verificação:<br>@{body('HTML_table_TarefasCriadas-Tabela')}<br><br>"}},"Compose_-_TarefasCriadas-Tabela._Ordena_por_projeto":{"type":"Compose","inputs":"@sort(\r\n\tvariables('TarefasCriadas-Tabela'),\r\n\t'Tarefa'\r\n)"}},"runAfter":{"Se_ResumoDatasReprogramadas-Tabela_não_vazia":["Succeeded"]},"else":{"actions":{}},"expression":{"and":[{"equals":["@empty(variables('TarefasCriadas-Tabela'))","@false"]}]},"type":"If"},"Se_MensagemNotificacao_não_vazia,_envia_o_e-mail":{"actions":{"Send_an_email_notification_(V3)":{"type":"OpenApiConnection","inputs":{"parameters":{"request/to":"dboliveira@brassbrasil.com.br;randrade@brassbrasil.com.br;lsantana@brassbrasil.com.br;hjsouza@brassbrasil.com.br","request/subject":"Atualização Planner - @{convertFromUtc(utcNow(),'E. South America Standard Time','dd-MM-yyyy')}","request/text":"@variables('MensagemNotificacao')"},"host":{"apiId":"/providers/Microsoft.PowerApps/apis/shared_sendmail","connectionName":"shared_sendmail","operationId":"SendEmailV3"},"authentication":"@parameters('$authentication')"}}},"runAfter":{"Se_TarefasCriadas-Tabela_não_vazia":["Succeeded"]},"else":{"actions":{}},"expression":{"and":[{"equals":["@empty(variables('MensagemNotificacao'))","@false"]}]},"type":"If"}},"runAfter":{"Executa_as_modificações":["Succeeded","TimedOut","Skipped","Failed"]},"type":"Scope"},"Scope_-_Error_Handling":{"actions":{"Filter_array":{"type":"Query","inputs":{"from":"@result('Apply_to_each_-_BucketsWorksheet')","where":"@equals(item()?['status'],'Failed')"}},"Select":{"runAfter":{"Filter_array":["Succeeded"]},"type":"Select","inputs":{"from":"@body('Filter_array')","select":{"Ação":"@item()?['name']","Messagem":"@item()?['error']?['message']"}}},"Post_message_in_a_chat_or_channel_3-copy":{"runAfter":{"Create_HTML_table":["Succeeded"]},"metadata":{"operationMetadataId":"8d2ef47e-0055-45d3-bea4-d857ae615aca"},"type":"OpenApiConnection","inputs":{"parameters":{"poster":"Flow bot","location":"Chat with Flow bot","body/recipient":"dboliveira@brassbrasil.com.br","body/messageBody":"<p class=\"editor-paragraph\">Houveram erros no fluxo:<br>@{body('Create_HTML_table')}<br><small>Mensagem enviada em @{convertFromUtc(utcNow(),'E. South America Standard Time','dd-MM-yyyy HH:mm:ss tt')}</small></p>"},"host":{"apiId":"/providers/Microsoft.PowerApps/apis/shared_teams","connectionName":"shared_teams","operationId":"PostMessageToConversation"},"authentication":"@parameters('$authentication')"}},"Create_HTML_table":{"runAfter":{"Select":["Succeeded"]},"type":"Table","inputs":{"from":"@body('Select')","format":"HTML"}}},"runAfter":{"Executa_as_modificações":["Failed"]},"type":"Scope"},"Executa_as_modificações":{"actions":{"Apply_to_each_-_BucketsWorksheet":{"foreach":"@variables('BucketsWorksheetUniqueItems')","actions":{"Se_a_tarefa_existe,_então_atualilza_data._Se_não_existe,_cria_tarefa":{"actions":{"Get_Task_ID":{"metadata":{"operationMetadataId":"8b028afa-f487-40e0-8b8e-f2017e8bc6c4"},"type":"Query","inputs":{"from":"@variables('PlannerTasks')","where":"@equals(item()['title'],items('Apply_to_each_-_BucketsWorksheet')['Documento'])"}},"Get_a_task":{"runAfter":{"Set_TaskID_-_0":["Succeeded"]},"metadata":{"operationMetadataId":"c237d19f-ca86-4d70-aebc-7a546772f5ed"},"type":"OpenApiConnection","inputs":{"parameters":{"id":"@variables('TaskID')"},"host":{"apiId":"/providers/Microsoft.PowerApps/apis/shared_planner","connectionName":"shared_planner_1","operationId":"GetTask_V2"},"authentication":"@parameters('$authentication')"}},"Se_a_data_de_emissão_for_diferente_da_LD,_então_a_data_é_atualizada":{"actions":{"Atualiza_Data_Emissao_e_Usuario_Responsavel_-_0":{"metadata":{"operationMetadataId":"33b08746-fe62-4c7f-90de-a095b7b91b96"},"type":"OpenApiConnection","inputs":{"parameters":{"id":"@variables('TaskID')","body/dueDateTime":"@variables('DueDateWorksheet')","body/assignments":"@variables('DesenvolvedorWorkksheet')"},"host":{"apiId":"/providers/Microsoft.PowerApps/apis/shared_planner","connectionName":"shared_planner_1","operationId":"UpdateTask_V2"},"authentication":"@parameters('$authentication')"}},"Se_bucket_diferente_de_\"5_-_Concluido\",_enviamos_o_alerta_-_0":{"actions":{"Append_to_array_variable_1":{"type":"AppendToArrayVariable","inputs":{"name":"ResumoDatasReprogramadas-Tabela","value":{"Tarefa":"@items('Apply_to_each_-_BucketsWorksheet')['Documento']","Bucket":"@items('Apply_to_each_-_BucketsWorksheet')['Bucket']","DataAntiga":"@if(\r\n    or(\r\n        equals(\r\n            outputs('Get_a_task')?['body/dueDateTime'],\r\n            ''\r\n        ),\r\n        equals(\r\n            outputs('Get_a_task')?['body/dueDateTime'],\r\n            null\r\n        )\r\n    ),\r\n    '',\r\n    substring(\r\n\t\toutputs('Get_a_task')?['body/dueDateTime'],\r\n\t\t0,\r\n\t\t10\r\n\t)\r\n)","DataNova":"@if(\r\n    or(\r\n        equals(\r\n            variables('DueDateWorksheet'),\r\n            ''\r\n        ),\r\n        equals(\r\n            variables('DueDateWorksheet'),\r\n            null\r\n        )\r\n    ),\r\n    '',\r\n    substring(\r\n\t\tvariables('DueDateWorksheet'),\r\n\t\t0,\r\n\t\t10\r\n\t)\r\n)"}}}},"runAfter":{"Atualiza_Data_Emissao_e_Usuario_Responsavel_-_0":["Succeeded"]},"else":{"actions":{}},"expression":{"and":[{"not":{"equals":["@items('Apply_to_each_-_BucketsWorksheet')['Bucket']","5 - Concluido"]}}]},"type":"If"}},"runAfter":{"DEBUG_2":["Succeeded"]},"else":{"actions":{}},"expression":{"and":[{"not":{"equals":["@if(\r\n    or(\r\n        equals(outputs('Get_a_task')?['body/dueDateTime'], null),\r\n        equals(outputs('Get_a_task')?['body/dueDateTime'], '')\r\n    ),\r\n    '',\r\n    substring(outputs('Get_a_task')?['body/dueDateTime'], 0, 10)\r\n)","@if(\n    or(\n        equals(variables('DueDateWorksheet'), null),\n        equals(variables('DueDateWorksheet'), '')\n    ),\n    '',\n    substring(variables('DueDateWorksheet'), 0, 10)\n)"]}}]},"metadata":{"operationMetadataId":"2bc7cbbf-934d-4c6f-bab3-042bf9b9751c"},"type":"If"},"Set_TaskID_-_0":{"runAfter":{"Get_Task_ID":["Succeeded"]},"type":"SetVariable","inputs":{"name":"TaskID","value":"@outputs('Get_Task_ID')['body'][0]['id']"}},"DEBUG_2":{"runAfter":{"Atualiza_Bucket_-_0":["Succeeded"]},"type":"Compose","inputs":{"TaskID":"@variables('TaskID')","DueDataPlanner":"@outputs('Get_a_task')?['body/dueDateTime']","DueDataPlanilha":"@variables('DueDateWorksheet')"}},"Atualiza_Bucket_-_0":{"runAfter":{"Get_a_task":["Succeeded"]},"type":"OpenApiConnection","inputs":{"parameters":{"id":"@variables('TaskID')","body/bucketId":"@variables('Bucket2Id')[\r\n\titems('Apply_to_each_-_BucketsWorksheet')['Bucket']\r\n]\r\n"},"host":{"apiId":"/providers/Microsoft.PowerApps/apis/shared_planner","connectionName":"shared_planner","operationId":"UpdateTask_V3"},"authentication":"@parameters('$authentication')"}}},"runAfter":{"DEBUG_0":["Succeeded"]},"else":{"actions":{"Cria_Tarefa_-_1":{"metadata":{"operationMetadataId":"0335b618-f3c5-49cb-b910-f271e4c207e9"},"type":"OpenApiConnection","inputs":{"parameters":{"body/groupId":"@variables('GroupID')","body/planId":"@variables('PlanID')","body/title":"@items('Apply_to_each_-_BucketsWorksheet')['Documento']","body/appliedCategories/category1":true},"host":{"apiId":"/providers/Microsoft.PowerApps/apis/shared_planner","connectionName":"shared_planner_1","operationId":"CreateTask_V4"},"authentication":"@parameters('$authentication')"}},"Atualiza_Título-_1":{"runAfter":{"Set_TaskID_-_1":["Succeeded"]},"metadata":{"operationMetadataId":"fd62779d-4c61-4e00-87b4-f691391b9eb2"},"type":"OpenApiConnection","inputs":{"parameters":{"id":"@variables('TaskID')","body/description":"@if(\n\tequals(\n\t\titems('Apply_to_each_-_BucketsWorksheet')['Titulo'],\n\t\t''\n\t),\n    null,\n    items('Apply_to_each_-_BucketsWorksheet')['Titulo']\n)"},"host":{"apiId":"/providers/Microsoft.PowerApps/apis/shared_planner","connectionName":"shared_planner_1","operationId":"UpdateTaskDetails_V2"},"authentication":"@parameters('$authentication')"}},"Atualiza_Bucket_-_1":{"runAfter":{"Atualiza_Título-_1":["Succeeded"]},"type":"OpenApiConnection","inputs":{"parameters":{"id":"@variables('TaskID')","body/bucketId":"@variables('Bucket2Id')[\r\n\titems('Apply_to_each_-_BucketsWorksheet')['Bucket']\r\n]\r\n"},"host":{"apiId":"/providers/Microsoft.PowerApps/apis/shared_planner","connectionName":"shared_planner","operationId":"UpdateTask_V3"},"authentication":"@parameters('$authentication')"}},"Set_TaskID_-_1":{"runAfter":{"Cria_Tarefa_-_1":["Succeeded"]},"type":"SetVariable","inputs":{"name":"TaskID","value":"@outputs('Cria_Tarefa_-_1')?['body/id']"}},"Atualiza_Data_Emissao_e_Usuario_Responsavel_-_1":{"runAfter":{"Atualiza_Bucket_-_1":["Succeeded"]},"type":"OpenApiConnection","inputs":{"parameters":{"id":"@variables('TaskID')","body/dueDateTime":"@variables('DueDateWorksheet')","body/assignments":"@variables('DesenvolvedorWorkksheet')"},"host":{"apiId":"/providers/Microsoft.PowerApps/apis/shared_planner","connectionName":"shared_planner","operationId":"UpdateTask_V2"},"authentication":"@parameters('$authentication')"}},"Se_bucket_diferente_de_\"5_-_Concluido\",_enviamos_o_alerta_-_1":{"actions":{"Append_to_array_variable-copy_1":{"type":"AppendToArrayVariable","inputs":{"name":"TarefasCriadas-Tabela","value":{"Tarefa":"@items('Apply_to_each_-_BucketsWorksheet')['Documento']","Bucket":"@items('Apply_to_each_-_BucketsWorksheet')['Bucket']","DataNova":"@if(\r\n    or(\r\n        equals(\r\n            variables('DueDateWorksheet'),\r\n            ''\r\n        ),\r\n        equals(\r\n            variables('DueDateWorksheet'),\r\n            null\r\n        )\r\n    ),\r\n    '',\r\n    substring(\r\n\t\tvariables('DueDateWorksheet'),\r\n\t\t0,\r\n\t\t10\r\n\t)\r\n)"}}}},"runAfter":{"Atualiza_Data_Emissao_e_Usuario_Responsavel_-_1":["Succeeded"]},"else":{"actions":{}},"expression":{"and":[{"not":{"equals":["@items('Apply_to_each_-_BucketsWorksheet')['Bucket']","5 - Concluido"]}}]},"type":"If"}}},"expression":{"and":[{"contains":["@string(variables('PlannerTasks'))","@items('Apply_to_each_-_BucketsWorksheet')['Documento']"]}]},"metadata":{"operationMetadataId":"61c20c1e-3608-460f-91fc-69dd450a5a13"},"type":"If"},"Se_tarefa_concluída,_então_finalizamos_tarefa._se_não_tarefa_em_andamento":{"actions":{"Atualiza_Status_-_0":{"metadata":{"operationMetadataId":"33b08746-fe62-4c7f-90de-a095b7b91b96"},"type":"OpenApiConnection","inputs":{"parameters":{"id":"@variables('TaskID')","body/percentComplete":"Completed"},"host":{"apiId":"/providers/Microsoft.PowerApps/apis/shared_planner","connectionName":"shared_planner_1","operationId":"UpdateTask_V2"},"authentication":"@parameters('$authentication')"}}},"runAfter":{"Se_a_tarefa_existe,_então_atualilza_data._Se_não_existe,_cria_tarefa":["Succeeded"]},"else":{"actions":{"Condition":{"actions":{"Atualiza_Status_-_1":{"metadata":{"operationMetadataId":"33b08746-fe62-4c7f-90de-a095b7b91b96"},"type":"OpenApiConnection","inputs":{"parameters":{"id":"@variables('TaskID')","body/percentComplete":"In Progress"},"host":{"apiId":"/providers/Microsoft.PowerApps/apis/shared_planner","connectionName":"shared_planner_1","operationId":"UpdateTask_V2"},"authentication":"@parameters('$authentication')"}}},"else":{"actions":{}},"expression":{"and":[{"not":{"equals":["@items('Apply_to_each_-_BucketsWorksheet')['Bucket']","0 - Documentos Não Iniciados"]}}]},"type":"If"}}},"expression":{"and":[{"equals":["@items('Apply_to_each_-_BucketsWorksheet')['Bucket']","5 - Concluido"]}]},"type":"If"},"DEBUG_0":{"runAfter":{"Set_DesenvolvedorWorkksheet":["Succeeded"]},"type":"Compose","inputs":{"Documento":"@items('Apply_to_each_-_BucketsWorksheet')['Documento']","DataEmissao":"@items('Apply_to_each_-_BucketsWorksheet')['DataEmissao']","Bucket Planilha":"@items('Apply_to_each_-_BucketsWorksheet')['Bucket']","Desenvolvedor":"@items('Apply_to_each_-_BucketsWorksheet')['Desenvolvedor']","Titulo":"@items('Apply_to_each_-_BucketsWorksheet')['Titulo']","BucketID":"@variables('Bucket2Id')"}},"Set_DesenvolvedorWorkksheet":{"runAfter":{"Set_DueDateWorksheet":["Succeeded"]},"type":"SetVariable","inputs":{"name":"DesenvolvedorWorkksheet","value":"@if(\n\tequals(\n\t\titems('Apply_to_each_-_BucketsWorksheet')['Desenvolvedor'],\n\t\t''\n\t),\n    null,\n    items('Apply_to_each_-_BucketsWorksheet')['Desenvolvedor']\n)"}},"Set_DueDateWorksheet":{"type":"SetVariable","inputs":{"name":"DueDateWorksheet","value":"@if(\n    or(\n        equals(\n            items('Apply_to_each_-_BucketsWorksheet')['DataPlanejada'],\n            ''\n        ),\n        equals(\n            items('Apply_to_each_-_BucketsWorksheet')['DataPlanejada'],\n            '1899-12-30'\n        ),\n        less(\n            items('Apply_to_each_-_BucketsWorksheet')['DataPlanejada'],\n            '1899-12-30T15:00:00Z'\n        )\n    ),\n    null,\n    concat(items('Apply_to_each_-_BucketsWorksheet')['DataPlanejada'], 'T15:00:00Z')\n)"}}},"type":"Foreach"}},"runAfter":{"Constroi_PlannerTasks":["Succeeded"]},"type":"Scope"}},"runAfter":{"MensagemNotificacao":["Succeeded"]},"else":{"actions":{}},"expression":{"and":[{"equals":[1,1]}]},"type":"If"},"DueDateWorksheet":{"runAfter":{"BucketID":["Succeeded"]},"type":"InitializeVariable","inputs":{"variables":[{"name":"DueDateWorksheet","type":"string"}]}},"PlanID":{"runAfter":{"GroupID":["Succeeded"]},"metadata":{"operationMetadataId":"9fd81600-1028-4f33-9e2b-6e4fc7759f08"},"type":"InitializeVariable","inputs":{"variables":[{"name":"PlanID","type":"string","value":"FwhsbC81F0KVV7TWQajqaWUAFn05"}]}},"GroupID":{"runAfter":{},"metadata":{"operationMetadataId":"bdb3e6bf-77f1-4ff2-852a-13f6d5ddb903"},"type":"InitializeVariable","inputs":{"variables":[{"name":"GroupID","type":"string","value":"7d544d4a-42eb-4bb3-8531-37505cb0cb4a"}]}},"TaskID":{"runAfter":{"PlanID":["Succeeded"]},"type":"InitializeVariable","inputs":{"variables":[{"name":"TaskID","type":"string"}]}},"BucketsWorksheetUniqueItems":{"runAfter":{"BucketsWorksheet":["Succeeded"]},"type":"InitializeVariable","inputs":{"variables":[{"name":"BucketsWorksheetUniqueItems","type":"array"}]}},"MensagemNotificacao":{"runAfter":{"DesenvolvedorWorkksheet":["Succeeded"]},"type":"InitializeVariable","inputs":{"variables":[{"name":"MensagemNotificacao","type":"string"}]}},"DesenvolvedorWorkksheet":{"runAfter":{"DueDateWorksheet":["Succeeded"]},"type":"InitializeVariable","inputs":{"variables":[{"name":"DesenvolvedorWorkksheet","type":"string"}]}},"0-DocumentosNaoIniciados":{"runAfter":{"BucketsWorksheetUniqueItems":["Succeeded"]},"type":"InitializeVariable","inputs":{"variables":[{"name":"0-DocumentosNaoIniciados","type":"array"}]}},"1-EmDesenvolvimento":{"runAfter":{"0-DocumentosNaoIniciados":["Succeeded"]},"type":"InitializeVariable","inputs":{"variables":[{"name":"1-EmDesenvolvimento","type":"array"}]}},"2-EmVerificacao":{"runAfter":{"1-EmDesenvolvimento":["Succeeded"]},"type":"InitializeVariable","inputs":{"variables":[{"name":"2-EmVerificacao","type":"array"}]}},"3-EmAtendimentoComentarios":{"runAfter":{"2-EmVerificacao":["Succeeded"]},"type":"InitializeVariable","inputs":{"variables":[{"name":"3-EmAtendimentoComentarios","type":"array"}]}},"4-EmEmissao":{"runAfter":{"3-EmAtendimentoComentarios":["Succeeded"]},"type":"InitializeVariable","inputs":{"variables":[{"name":"4-EmEmissao","type":"array"}]}},"5-Concluido":{"runAfter":{"4-EmEmissao":["Succeeded"]},"type":"InitializeVariable","inputs":{"variables":[{"name":"5-Concluido","type":"array"}]}},"5-Concluido-Unique":{"runAfter":{"5-Concluido":["Succeeded"]},"type":"InitializeVariable","inputs":{"variables":[{"name":"5-Concluido-Unique","type":"array"}]}}},"description":"Importa tarefas de uma planilha do excel e atualiza Planner."},"connectionReferences":{"shared_planner":{"connectionName":"shared-planner-730716c4-9087-4070-916d-babbfea095bb","source":"Embedded","id":"/providers/Microsoft.PowerApps/apis/shared_planner","tier":"NotSpecified","apiName":"planner"},"shared_excelonlinebusiness":{"connectionName":"c331046536804e49a75ab8386f08ca46","source":"Embedded","id":"/providers/Microsoft.PowerApps/apis/shared_excelonlinebusiness","tier":"NotSpecified","apiName":"excelonlinebusiness"},"shared_onedriveforbusiness":{"connectionName":"37c8c4598d834a4ba8a758a685f66aae","source":"Embedded","id":"/providers/Microsoft.PowerApps/apis/shared_onedriveforbusiness","tier":"NotSpecified","apiName":"onedriveforbusiness"},"shared_planner_1":{"connectionName":"shared-planner-730716c4-9087-4070-916d-babbfea095bb","source":"Embedded","id":"/providers/Microsoft.PowerApps/apis/shared_planner","tier":"NotSpecified","apiName":"planner"},"shared_sendmail":{"connectionName":"shared-sendmail-6e30a269-4483-4d91-8a33-89b7a5353fb8","source":"Embedded","id":"/providers/Microsoft.PowerApps/apis/shared_sendmail","tier":"NotSpecified","apiName":"sendmail"},"shared_teams":{"connectionName":"shared-teams-9182cfc2-fd46-4cb0-8c5a-3d7909fc680e","source":"Embedded","id":"/providers/Microsoft.PowerApps/apis/shared_teams","tier":"NotSpecified","apiName":"teams"}},"flowFailureAlertSubscribed":false,"isManaged":false}}