{"name":"8069c40a-44b6-4b12-a7a2-047d5c544a8c","id":"/providers/Microsoft.Flow/flows/8069c40a-44b6-4b12-a7a2-047d5c544a8c","type":"Microsoft.Flow/flows","properties":{"apiId":"/providers/Microsoft.PowerApps/apis/shared_logicflows","displayName":"Notificacao Arquivo Onedrive - Projetos","definition":{"metadata":{"workflowEntityId":null,"processAdvisorMetadata":null,"flowChargedByPaygo":null,"flowclientsuspensionreason":"None","flowclientsuspensiontime":null,"flowclientsuspensionreasondetails":null,"creator":{"id":"00cd8c8a-9e19-40a3-9418-d3899b01f667","type":"User","tenantId":"6bd493a1-286f-4730-9950-33029af22dde"},"provisioningMethod":"FromDefinition","failureAlertSubscription":true,"clientLastModifiedTime":"2024-08-08T18:22:40.3312942Z","connectionKeySavedTimeKey":"2024-08-08T18:22:40.3312942Z"},"$schema":"https://schema.management.azure.com/providers/Microsoft.Logic/schemas/2016-06-01/workflowdefinition.json#","contentVersion":"1.0.0.0","parameters":{"$authentication":{"defaultValue":{},"type":"SecureObject"},"$connections":{"defaultValue":{},"type":"Object"}},"triggers":{"When_a_file_is_modified_(properties_only)":{"recurrence":{"frequency":"Minute","interval":5},"splitOn":"@triggerOutputs()?['body']","metadata":{"b!EPxXn3PHJkmm0DwFas1P2GiW2328nE1CkyE7JvTPA2GYNKq-0PGzR4PTZY0cyTeY.01RUBG6D33VQUPGLQHOVGYTFPCZYTPA4ZG":"/Projetos/4 - Em Emissao","b!EPxXn3PHJkmm0DwFas1P2GiW2328nE1CkyE7JvTPA2GYNKq-0PGzR4PTZY0cyTeY.01RUBG6DY7BMMJFMC3Z5B2VTW34M3XJEIB":"/Projetos/2 - Em Verificacao","6e202211-2856-4d17-9ded-5beb8b8626b0":"/","b!EPxXn3PHJkmm0DwFas1P2GiW2328nE1CkyE7JvTPA2GYNKq-0PGzR4PTZY0cyTeY.01RUBG6DZLHLVU5PCQMNF3JDV4NC64VEOH":"/Projetos"},"type":"OpenApiConnection","inputs":{"parameters":{"folderId":"b!EPxXn3PHJkmm0DwFas1P2GiW2328nE1CkyE7JvTPA2GYNKq-0PGzR4PTZY0cyTeY.01RUBG6DZLHLVU5PCQMNF3JDV4NC64VEOH","includeSubfolders":true,"maxFileCount":1},"host":{"apiId":"/providers/Microsoft.PowerApps/apis/shared_onedriveforbusiness","connectionName":"shared_onedriveforbusiness","operationId":"OnUpdatedFilesV2"},"authentication":"@parameters('$authentication')"}}},"actions":{"Compose":{"runAfter":{},"type":"Compose","inputs":"O arquivo @{triggerOutputs()?['body/Name']} foi movido para a pasta @{replace(triggerOutputs()?['body/Path'], '/drives/b!EPxXn3PHJkmm0DwFas1P2GiW2328nE1CkyE7JvTPA2GYNKq-0PGzR4PTZY0cyTeY/root:/Sistemas de Utilidades/Projetos/', '')} por @{triggerOutputs()?['body/LastModifiedBy']}."},"Condition":{"actions":{"Post_message_in_a_chat_or_channel":{"metadata":{"operationMetadataId":"602b4276-6c40-4f30-9b91-d34ba56fff6a"},"type":"OpenApiConnection","inputs":{"parameters":{"poster":"Flow bot","location":"Chat with Flow bot","body/recipient":"dboliveira@brassbrasil.com.br","body/messageBody":"<p class=\"editor-paragraph\">O arquivo <strong>@{triggerOutputs()?['body/Name']}</strong> foi movido para a pasta <strong>@{replace(triggerOutputs()?['body/Path'], '/drives/b!EPxXn3PHJkmm0DwFas1P2GiW2328nE1CkyE7JvTPA2GYNKq-0PGzR4PTZY0cyTeY/root:/Sistemas de Utilidades/Projetos/', '')}</strong> por <strong>@{triggerOutputs()?['body/LastModifiedBy']}</strong>.</p>"},"host":{"apiId":"/providers/Microsoft.PowerApps/apis/shared_teams","connectionName":"shared_teams","operationId":"PostMessageToConversation"},"authentication":"@parameters('$authentication')"}}},"runAfter":{"Compose":["Succeeded"]},"else":{"actions":{}},"expression":{"and":[{"equals":["@or(\r\n\tcontains(string(triggerOutputs()?['body/Path']), '2 - Em Verificacao'),\r\n\tcontains(string(triggerOutputs()?['body/Path']), '4 - Em Emissao')\r\n)","@true"]}]},"type":"If"}},"outputs":{},"description":""},"connectionReferences":{"shared_onedriveforbusiness":{"connectionName":"37c8c4598d834a4ba8a758a685f66aae","source":"Embedded","id":"/providers/Microsoft.PowerApps/apis/shared_onedriveforbusiness","tier":"NotSpecified"},"shared_teams":{"connectionName":"shared-teams-9182cfc2-fd46-4cb0-8c5a-3d7909fc680e","source":"Embedded","id":"/providers/Microsoft.PowerApps/apis/shared_teams","tier":"NotSpecified"}},"flowFailureAlertSubscribed":false,"isManaged":false}}