{"name":"4f434bcd-a6e5-494e-bc04-bacc1016b670","id":"/providers/Microsoft.Flow/flows/4f434bcd-a6e5-494e-bc04-bacc1016b670","type":"Microsoft.Flow/flows","properties":{"apiId":"/providers/Microsoft.PowerApps/apis/shared_logicflows","displayName":"Planner - Importar Tarefas do Excel","definition":{"metadata":{"workflowEntityId":null,"processAdvisorMetadata":null,"flowChargedByPaygo":null,"flowclientsuspensionreason":"None","flowclientsuspensiontime":null,"flowclientsuspensionreasondetails":null,"creator":{"id":"00cd8c8a-9e19-40a3-9418-d3899b01f667","type":"User","tenantId":"6bd493a1-286f-4730-9950-33029af22dde"},"provisioningMethod":"FromDefinition","failureAlertSubscription":true,"clientLastModifiedTime":"2024-09-16T12:59:14.7322862Z","connectionKeySavedTimeKey":"2024-09-16T12:59:14.7322862Z"},"$schema":"https://schema.management.azure.com/providers/Microsoft.Logic/schemas/2016-06-01/workflowdefinition.json#","contentVersion":"1.0.0.0","parameters":{"$authentication":{"defaultValue":{},"type":"SecureObject"},"$connections":{"defaultValue":{},"type":"Object"}},"triggers":{"When_a_file_is_modified_(properties_only)":{"recurrence":{"frequency":"Minute","interval":5},"splitOn":"@triggerOutputs()?['body']","metadata":{"b!EPxXn3PHJkmm0DwFas1P2GiW2328nE1CkyE7JvTPA2GYNKq-0PGzR4PTZY0cyTeY.01RUBG6D53OGER57X4EBCYMFJZ7ZYWB24R":"/0-GERENCIAMENTO/Planejamento"},"type":"OpenApiConnection","inputs":{"parameters":{"folderId":"b!EPxXn3PHJkmm0DwFas1P2GiW2328nE1CkyE7JvTPA2GYNKq-0PGzR4PTZY0cyTeY.01RUBG6D53OGER57X4EBCYMFJZ7ZYWB24R","includeSubfolders":false,"maxFileCount":10},"host":{"apiId":"/providers/Microsoft.PowerApps/apis/shared_onedriveforbusiness","connectionName":"shared_onedriveforbusiness","operationId":"OnUpdatedFilesV2"},"authentication":"@parameters('$authentication')"},"runtimeConfiguration":{"concurrency":{"runs":1}}}},"actions":{"Condition_1":{"actions":{"Get_tables":{"type":"OpenApiConnection","inputs":{"parameters":{"source":"me","drive":"b!EPxXn3PHJkmm0DwFas1P2GiW2328nE1CkyE7JvTPA2GYNKq-0PGzR4PTZY0cyTeY","file":"@triggerOutputs()?['body/Id']"},"host":{"apiId":"/providers/Microsoft.PowerApps/apis/shared_excelonlinebusiness","connectionName":"shared_excelonlinebusiness","operationId":"GetTables"},"authentication":"@parameters('$authentication')"}},"Listar_linhas_presentes_em_uma_tabela":{"runAfter":{"Get_tables":["Succeeded"]},"metadata":{"01UXMEV3PYMX6J7DN3RJCJLMQQPYNXKEFR":"/Tarefas.xlsx","operationMetadataId":"66967aa0-6655-4196-acfd-59fd77d7a999","tableId":"@first(outputs('Get_tables')?['body/value'])?['name']","01UXMEV3NOSH7NUNMDY5HI7N5HKNVFLAOA":"/Tarefas - Copy.xlsx","01UXMEV3MZWNXSYTAUWZA3N7EE7DD3LGLT":"/Pasta22.xlsx","01UXMEV3LKVKT772SAMFHJJTFQQMABCTAW":"/Pasta24.xlsx","01UXMEV3NBTIP3KFJHFBF33FGW3EXSL2UB":"/Pasta2.xlsx","01UXMEV3MLORQ25GQXUNB3XHL3OHNJ27I6":"/Pasta2.xlsx","01UXMEV3LJ24V6J3WBI5EL3I2X337QXR6Z":"/Pasta1.xlsx","01UXMEV3PNQRHUWLHZ7BDKMVAOHRYAKVCE":"/PlannerTubulação.xlsx","01UXMEV3O5VF3PN2LNKRGL5EF5PY2T673G":"/PlannerSistemas.xlsx","01RUBG6DZGWEWMD4GHONDJZSTNC2EHMMBC":"/Pasta13.xlsx","01RUBG6DYQ5HT67ZZ5MJH3T2ITBZLHN2VI":"/Planner.xlsx","01RUBG6D36WTHEIYOXMJAKYX3LHGUD2XY5":"/0-GERENCIAMENTO/Planejamento/Planner.xlsx"},"type":"OpenApiConnection","inputs":{"parameters":{"source":"me","drive":"b!EPxXn3PHJkmm0DwFas1P2GiW2328nE1CkyE7JvTPA2GYNKq-0PGzR4PTZY0cyTeY","file":"01RUBG6D36WTHEIYOXMJAKYX3LHGUD2XY5","table":"@first(outputs('Get_tables')?['body/value'])?['name']","dateTimeFormat":"ISO 8601"},"host":{"apiId":"/providers/Microsoft.PowerApps/apis/shared_excelonlinebusiness","connectionName":"shared_excelonlinebusiness_2","operationId":"GetItems"},"authentication":"@parameters('$authentication')"}},"List_buckets":{"runAfter":{"Listar_linhas_presentes_em_uma_tabela":["Succeeded"]},"metadata":{"operationMetadataId":"9a5281ed-68f8-4b8d-a943-35dd82914bdc"},"type":"OpenApiConnection","inputs":{"parameters":{"groupId":"7d544d4a-42eb-4bb3-8531-37505cb0cb4a","id":"FwhsbC81F0KVV7TWQajqaWUAFn05"},"host":{"apiId":"/providers/Microsoft.PowerApps/apis/shared_planner","connectionName":"shared_planner_1","operationId":"ListBuckets_V3"},"authentication":"@parameters('$authentication')"}},"Salva_o_PlanID":{"foreach":"@outputs('List_buckets')?['body/value']","actions":{"Define_-_PlanID":{"metadata":{"operationMetadataId":"9226c523-57ff-469e-b3a7-0c2a80d21849"},"type":"SetVariable","inputs":{"name":"PlanID","value":"@items('Salva_o_PlanID')?['planId']"}}},"runAfter":{"List_buckets":["Succeeded"]},"metadata":{"operationMetadataId":"c4222710-e446-4ba4-a445-636949c8e257"},"type":"Foreach"},"Identifica_ou_Cria_o_Bucket":{"actions":{"Verifica_se_o_Bucket_Existe_e_Salva_o_ID":{"foreach":"@outputs('List_buckets')?['body/value']","actions":{"Condition":{"actions":{"Set_variable":{"metadata":{"operationMetadataId":"b5711394-79bd-4a38-be1e-f9bb3efc2476"},"type":"SetVariable","inputs":{"name":"BucketId","value":"@items('Verifica_se_o_Bucket_Existe_e_Salva_o_ID')?['id']"}}},"else":{"actions":{}},"expression":{"contains":["@items('Verifica_se_o_Bucket_Existe_e_Salva_o_ID')?['name']","@variables('BucketName')"]},"metadata":{"operationMetadataId":"6d56b696-2f99-43ab-8121-2489ba0416fa"},"type":"If"}},"metadata":{"operationMetadataId":"488cd23b-dcd5-4fcb-afbf-3de69d257206"},"type":"Foreach"},"Se_o_Bucket_Não_Existe_Cria_um_Novo":{"actions":{"Create_a_bucket":{"metadata":{"operationMetadataId":"8f9b1ba7-0984-4b3c-8905-0287b3b4705f"},"type":"OpenApiConnection","inputs":{"parameters":{"body/name":"@variables('BucketName')","body/groupId":"@variables('GroupID')","body/planId":"@variables('PlanID')"},"host":{"apiId":"/providers/Microsoft.PowerApps/apis/shared_planner","connectionName":"shared_planner_1","operationId":"CreateBucket_V2"},"authentication":"@parameters('$authentication')"}},"Set_variable_2":{"runAfter":{"Create_a_bucket":["Succeeded"]},"metadata":{"operationMetadataId":"8e7a4a45-e04d-4bf5-ae6a-ff1aec3f065f"},"type":"SetVariable","inputs":{"name":"BucketId","value":"@outputs('Create_a_bucket')?['body/id']"}}},"runAfter":{"Verifica_se_o_Bucket_Existe_e_Salva_o_ID":["Succeeded"]},"else":{"actions":{}},"expression":{"equals":["@empty(variables('BucketId'))","@True"]},"metadata":{"operationMetadataId":"a4df63b6-4274-4d94-ba4e-cbab97507990"},"type":"If"}},"runAfter":{"Salva_o_PlanID":["Succeeded"]},"metadata":{"operationMetadataId":"af212331-f63c-45a2-b2b9-9460d8fb09e4"},"type":"Scope"},"List_tasks":{"runAfter":{"Identifica_ou_Cria_o_Bucket":["Succeeded"]},"metadata":{"operationMetadataId":"c0893371-0230-4042-92a8-297a7fcee9a7"},"type":"OpenApiConnection","inputs":{"parameters":{"groupId":"@variables('GroupID')","id":"@variables('PlanID')"},"host":{"apiId":"/providers/Microsoft.PowerApps/apis/shared_planner","connectionName":"shared_planner_1","operationId":"ListTasks_V3"},"authentication":"@parameters('$authentication')"}},"Filtra_o_array_com_somente_as_tarefas_do_Bucket":{"runAfter":{"Set_Variable_-_Tarefas":["Succeeded"]},"metadata":{"operationMetadataId":"8b028afa-f487-40e0-8b8e-f2017e8bc6c4"},"type":"Query","inputs":{"from":"@variables('Tarefas')","where":"@equals(item().bucketId,variables('BucketId'))"}},"Apply_to_each_2":{"foreach":"@outputs('Listar_linhas_presentes_em_uma_tabela')?['body/value']","actions":{"Condition_2":{"actions":{"Condition_3":{"actions":{"getID":{"metadata":{"operationMetadataId":"8b028afa-f487-40e0-8b8e-f2017e8bc6c4"},"type":"Query","inputs":{"from":"@variables('TarefasNaoIniciadas')","where":"@equals(item()['title'], items('Apply_to_each_2')?['Nome da tarefa'])"}},"Get_a_task":{"runAfter":{"getID":["Succeeded"]},"metadata":{"operationMetadataId":"c237d19f-ca86-4d70-aebc-7a546772f5ed"},"type":"OpenApiConnection","inputs":{"parameters":{"id":"@outputs('getID')['body'][0]['id']"},"host":{"apiId":"/providers/Microsoft.PowerApps/apis/shared_planner","connectionName":"shared_planner_1","operationId":"GetTask_V2"},"authentication":"@parameters('$authentication')"}},"Condition_4":{"actions":{"Atualizar_uma_tarefa":{"metadata":{"operationMetadataId":"33b08746-fe62-4c7f-90de-a095b7b91b96"},"type":"OpenApiConnection","inputs":{"parameters":{"id":"@outputs('Get_a_task')?['body/id']","body/dueDateTime":"@if(or(equals(items('Apply_to_each_2')?['Data de Entrega'],''),less(items('Apply_to_each_2')?['Data de Entrega'],'1900-01-00T00:00:00')),null,items('Apply_to_each_2')?['Data de Entrega'])"},"host":{"apiId":"/providers/Microsoft.PowerApps/apis/shared_planner","connectionName":"shared_planner_1","operationId":"UpdateTask_V2"},"authentication":"@parameters('$authentication')"}},"Set_variable_1":{"runAfter":{"Append_to_array_variable":["Succeeded"]},"type":"SetVariable","inputs":{"name":"ResumoDatasReprogramadas-EnviarNorificacao","value":true}},"Compose_2":{"runAfter":{"Atualizar_uma_tarefa":["Succeeded"]},"type":"Compose","inputs":{"Tarefa":"@items('Apply_to_each_2')?['Nome da tarefa']","DataAntiga":"@if(\r\n    or(\r\n        equals(\r\n            items('Apply_to_each_2')?['Data de Entrega'],\r\n            ''\r\n        ),\r\n        less(\r\n            items('Apply_to_each_2')?['Data de Entrega'],\r\n            '1900-01-00T15:00:00Z'\r\n        )\r\n    ),\r\n    null,\r\n    replace(\r\n        items('Apply_to_each_2')?['Data de Entrega'],\r\n        'T15:00:00Z',\r\n        ''\r\n    )\r\n)","DataNova":"@replace(outputs('Get_a_task')?['body/dueDateTime'], 'T15:00:00Z', '')"}},"Append_to_array_variable":{"runAfter":{"Compose_2":["Succeeded"]},"type":"AppendToArrayVariable","inputs":{"name":"ResumoDatasReprogramadas-Tabela","value":{"Tarefa":"@items('Apply_to_each_2')?['Nome da tarefa']","DataAntiga":"@replace(if(or(equals(items('Apply_to_each_2')?['Data de Entrega'],''),less(items('Apply_to_each_2')?['Data de Entrega'],'1900-01-00T00:00:00')),null,items('Apply_to_each_2')?['Data de Entrega']), 'T15:00:00Z', '')","DataNova":"@replace(outputs('Get_a_task')?['body/dueDateTime'], 'T15:00:00Z', '')"}}}},"runAfter":{"Compose":["Succeeded"]},"else":{"actions":{}},"expression":{"and":[{"not":{"equals":["@outputs('Get_a_task')?['body/dueDateTime']","@if(\r\n\tor(\r\n\t\tequals(\r\n\t\t\titems('Apply_to_each_2')?['Data de Entrega'],\r\n\t\t\t''\r\n\t\t),\r\n\t\tless(\r\n\t\t\titems('Apply_to_each_2')?['Data de Entrega'],\r\n\t\t\t'1900-01-00T00:00:00'\r\n\t\t)\r\n\t),\r\n\tnull,\r\n\titems('Apply_to_each_2')?['Data de Entrega']\r\n)"]}}]},"metadata":{"operationMetadataId":"2bc7cbbf-934d-4c6f-bab3-042bf9b9751c"},"type":"If"},"Compose":{"runAfter":{"Get_a_task":["Succeeded"]},"type":"Compose","inputs":"@{outputs('Get_a_task')?['body/dueDateTime']} is not equal to @{if(\r\n\tor(\r\n\t\tequals(\r\n\t\t\titems('Apply_to_each_2')?['Data de Entrega'],\r\n\t\t\t''\r\n\t\t),\r\n\t\tless(\r\n\t\t\titems('Apply_to_each_2')?['Data de Entrega'],\r\n\t\t\t'1900-01-00T00:00:00'\r\n\t\t)\r\n\t),\r\n\tnull,\r\n\titems('Apply_to_each_2')?['Data de Entrega']\r\n)}"}},"else":{"actions":{}},"expression":{"and":[{"contains":["@string(variables('TarefasNaoIniciadas'))","@items('Apply_to_each_2')?['Nome da tarefa']"]}]},"metadata":{"operationMetadataId":"a3a59093-b0e7-4ddb-a4fc-11520d9df5ef"},"type":"If"}},"else":{"actions":{"Create_a_task":{"metadata":{"operationMetadataId":"0335b618-f3c5-49cb-b910-f271e4c207e9"},"type":"OpenApiConnection","inputs":{"parameters":{"body/groupId":"@variables('GroupID')","body/planId":"@variables('PlanID')","body/title":"@items('Apply_to_each_2')?['Nome da tarefa']","body/bucketId":"@variables('BucketId')","body/dueDateTime":"@if(or(equals(items('Apply_to_each_2')?['Data de Entrega'],''),less(items('Apply_to_each_2')?['Data de Entrega'],'1900-01-00T00:00:00')),null,items('Apply_to_each_2')?['Data de Entrega'])","body/appliedCategories/category1":true},"host":{"apiId":"/providers/Microsoft.PowerApps/apis/shared_planner","connectionName":"shared_planner_1","operationId":"CreateTask_V4"},"authentication":"@parameters('$authentication')"}},"Update_task_details":{"runAfter":{"Create_a_task":["Succeeded"]},"metadata":{"operationMetadataId":"fd62779d-4c61-4e00-87b4-f691391b9eb2"},"type":"OpenApiConnection","inputs":{"parameters":{"id":"@outputs('Create_a_task')?['body/id']","body/description":"@items('Apply_to_each_2')?['Descrição']"},"host":{"apiId":"/providers/Microsoft.PowerApps/apis/shared_planner","connectionName":"shared_planner_1","operationId":"UpdateTaskDetails_V2"},"authentication":"@parameters('$authentication')"}},"Post_message_in_a_chat_or_channel_2":{"runAfter":{"Update_task_details":["Succeeded"]},"metadata":{"operationMetadataId":"8d2ef47e-0055-45d3-bea4-d857ae615aca"},"type":"OpenApiConnection","inputs":{"parameters":{"poster":"Flow bot","location":"Chat with Flow bot","body/recipient":"dboliveira@brassbrasil.com.br;","body/messageBody":"<p class=\"editor-paragraph\">Criando a tarefa: @{items('Apply_to_each_2')?['Nome da tarefa']}.</p><p class=\"editor-paragraph\"><small>Mensagem enviada em @{utcNow()}</small>.</p>"},"host":{"apiId":"/providers/Microsoft.PowerApps/apis/shared_teams","connectionName":"shared_teams","operationId":"PostMessageToConversation"},"authentication":"@parameters('$authentication')"}}}},"expression":{"contains":["@string(variables('Tarefas'))","@items('Apply_to_each_2')?['Nome da tarefa']"]},"metadata":{"operationMetadataId":"61c20c1e-3608-460f-91fc-69dd450a5a13"},"type":"If"}},"runAfter":{"Set_Variable_-_TarefasNaoIniciadas":["Succeeded"]},"metadata":{"operationMetadataId":"fbc0a58c-9cdf-4b29-a467-a3eac3169b14"},"type":"Foreach"},"Set_Variable_-_Tarefas":{"runAfter":{"List_tasks":["Succeeded"]},"type":"SetVariable","inputs":{"name":"Tarefas","value":"@outputs('List_tasks')?['body/value']"}},"Set_Variable_-_TarefasNaoIniciadas":{"runAfter":{"Filtra_o_array_com_somente_as_tarefas_do_Bucket":["Succeeded"]},"type":"SetVariable","inputs":{"name":"TarefasNaoIniciadas","value":"@body('Filtra_o_array_com_somente_as_tarefas_do_Bucket')"}},"Condition_5":{"actions":{"Post_message_in_a_chat_or_channel":{"runAfter":{"Create_HTML_table":["Succeeded"]},"type":"OpenApiConnection","inputs":{"parameters":{"poster":"Flow bot","location":"Chat with Flow bot","body/recipient":"dboliveira@brassbrasil.com.br;","body/messageBody":"<p class=\"editor-paragraph\">Resumo das datas que foram modificadas na última iteração.<span>\n</span>@{body('Create_HTML_table')}</p><p class=\"editor-paragraph\"><br>\n<small>Mensagem enviada em @{utcNow()}</small></p>"},"host":{"apiId":"/providers/Microsoft.PowerApps/apis/shared_teams","connectionName":"shared_teams-1","operationId":"PostMessageToConversation"},"authentication":"@parameters('$authentication')"}},"Create_HTML_table":{"type":"Table","inputs":{"from":"@variables('ResumoDatasReprogramadas-Tabela')","format":"HTML"}}},"runAfter":{"Apply_to_each_2":["Succeeded"]},"else":{"actions":{}},"expression":{"and":[{"equals":["@variables('ResumoDatasReprogramadas-EnviarNorificacao')","@true"]}]},"type":"If"}},"runAfter":{"Compose_1":["Succeeded"]},"else":{"actions":{}},"expression":{"and":[{"equals":["@triggerOutputs()?['body/Name']","Planner.xlsx"]},{"equals":["@triggerOutputs()?['body/IsFolder']","@false"]}]},"type":"If"},"Initialize_variable_-_GroupID":{"runAfter":{"ResumoDatasReprogramadas-EnviarNorificacao":["Succeeded"]},"metadata":{"operationMetadataId":"bdb3e6bf-77f1-4ff2-852a-13f6d5ddb903"},"type":"InitializeVariable","inputs":{"variables":[{"name":"GroupID","type":"string","value":"7d544d4a-42eb-4bb3-8531-37505cb0cb4a"}]}},"Initialize_variable_-_PlanID":{"runAfter":{"Initialize_variable_-_GroupID":["Succeeded"]},"metadata":{"operationMetadataId":"9fd81600-1028-4f33-9e2b-6e4fc7759f08"},"type":"InitializeVariable","inputs":{"variables":[{"name":"PlanID","type":"string"}]}},"Initialize_variable_-_BucketName":{"runAfter":{"Initialize_variable_-_PlanID":["Succeeded"]},"metadata":{"operationMetadataId":"2e39d4cb-763f-4379-8b8c-926134f11794"},"type":"InitializeVariable","inputs":{"variables":[{"name":"BucketName","type":"string","value":"0 - Documentos Não Iniciados"}]}},"Initialize_variable_-_BucketID":{"runAfter":{"Initialize_variable_-_BucketName":["Succeeded"]},"metadata":{"operationMetadataId":"4a5bf64c-2890-45fa-b98d-e5bbe16ffb4e"},"type":"InitializeVariable","inputs":{"variables":[{"name":"BucketId","type":"string"}]}},"Initialize_variable_-_Tarefas":{"runAfter":{"Initialize_variable_-_BucketID":["Succeeded"]},"metadata":{"operationMetadataId":"cc2eedb4-cea0-4d92-b657-884c4318e7a7"},"type":"InitializeVariable","inputs":{"variables":[{"name":"Tarefas","type":"array"}]}},"TarefasNaoIniciadas":{"runAfter":{"Initialize_variable_-_Tarefas":["Succeeded"]},"metadata":{"operationMetadataId":"53b2cdb8-e835-4177-8e52-f51cda3256c6"},"type":"InitializeVariable","inputs":{"variables":[{"name":"TarefasNaoIniciadas","type":"array"}]}},"Compose_1":{"runAfter":{"TarefasNaoIniciadas":["Succeeded"]},"type":"Compose","inputs":"@{triggerOutputs()?['body/Name']} is equal to \"Planner.xlsx\" and @{triggerOutputs()?['body/IsFolder']} is equal to \"false\""},"ResumoDatasReprogramadas-Tabelas":{"runAfter":{},"type":"InitializeVariable","inputs":{"variables":[{"name":"ResumoDatasReprogramadas-Tabela","type":"array"}]}},"ResumoDatasReprogramadas-EnviarNorificacao":{"runAfter":{"ResumoDatasReprogramadas-Tabelas":["Succeeded"]},"type":"InitializeVariable","inputs":{"variables":[{"name":"ResumoDatasReprogramadas-EnviarNorificacao","type":"boolean","value":false}]}}},"description":""},"connectionReferences":{"shared_onedriveforbusiness":{"connectionName":"37c8c4598d834a4ba8a758a685f66aae","source":"Embedded","id":"/providers/Microsoft.PowerApps/apis/shared_onedriveforbusiness","tier":"NotSpecified"},"shared_excelonlinebusiness":{"connectionName":"c331046536804e49a75ab8386f08ca46","source":"Embedded","id":"/providers/Microsoft.PowerApps/apis/shared_excelonlinebusiness","tier":"NotSpecified"},"shared_excelonlinebusiness_2":{"connectionName":"shared-excelonlinebu-c728e97e-0c98-4f97-bed0-a54ef7df6f44","source":"Embedded","id":"/providers/Microsoft.PowerApps/apis/shared_excelonlinebusiness","tier":"NotSpecified"},"shared_planner_1":{"connectionName":"shared-planner-730716c4-9087-4070-916d-babbfea095bb","source":"Embedded","id":"/providers/Microsoft.PowerApps/apis/shared_planner","tier":"NotSpecified"},"shared_teams":{"connectionName":"shared-teams-d5ebffcb-3b47-49ff-a9e5-38d623286ebf","source":"Embedded","id":"/providers/Microsoft.PowerApps/apis/shared_teams","tier":"NotSpecified"},"shared_teams-1":{"connectionName":"shared-teams-9182cfc2-fd46-4cb0-8c5a-3d7909fc680e","source":"Embedded","id":"/providers/Microsoft.PowerApps/apis/shared_teams","tier":"NotSpecified"}},"flowFailureAlertSubscribed":false,"isManaged":false}}