{"name":"b96701de-1d22-46ba-b86e-a0f22c1004ee","id":"/providers/Microsoft.Flow/flows/b96701de-1d22-46ba-b86e-a0f22c1004ee","type":"Microsoft.Flow/flows","properties":{"apiId":"/providers/Microsoft.PowerApps/apis/shared_logicflows","displayName":"Planner - Move Tarefas para Bucket","definition":{"metadata":{"workflowEntityId":null,"processAdvisorMetadata":null,"flowChargedByPaygo":null,"flowclientsuspensionreason":"None","flowclientsuspensiontime":null,"flowclientsuspensionreasondetails":null,"creator":{"id":"00cd8c8a-9e19-40a3-9418-d3899b01f667","type":"User","tenantId":"6bd493a1-286f-4730-9950-33029af22dde"},"provisioningMethod":"FromDefinition","failureAlertSubscription":true,"clientLastModifiedTime":"2024-10-19T02:19:08.1103118Z","connectionKeySavedTimeKey":"2024-10-19T02:19:08.1103118Z"},"$schema":"https://schema.management.azure.com/providers/Microsoft.Logic/schemas/2016-06-01/workflowdefinition.json#","contentVersion":"undefined","parameters":{"$authentication":{"defaultValue":{},"type":"SecureObject"},"$connections":{"defaultValue":{},"type":"Object"}},"triggers":{"Recurrence":{"recurrence":{"interval":1,"frequency":"Day","timeZone":"E. South America Standard Time","schedule":{"hours":["12"],"minutes":[0]}},"type":"Recurrence"}},"actions":{"Files":{"runAfter":{},"type":"InitializeVariable","inputs":{"variables":[{"name":"Files","type":"object","value":{"BdB200301-0120-V-FD0010":"2 - Em Verificacao","BdB201452-0000-V-ET0004":"2 - Em Verificacao","BdB201452-0000-V-FE0003":"3 - Em Atendimento de Comentarios","BdB220500-0000-V-ET0003":"2 - Em Verificacao","BdB200301-0120-V-EG0007":"3 - Em Atendimento de Comentarios","BdB200301-0120-V-FD0001":"3 - Em Atendimento de Comentarios","BdB200301-0120-V-FD0019":"3 - Em Atendimento de Comentarios","BdB200301-0120-V-FE0005":"3 - Em Atendimento de Comentarios","BdB201452-0000-V-FD0002":"3 - Em Atendimento de Comentarios","BdB201452-0000-V-FD0004":"3 - Em Atendimento de Comentarios","BdB201452-0000-V-FD0006":"3 - Em Atendimento de Comentarios","BdB201452-0000-V-FE0001":"3 - Em Atendimento de Comentarios","BdB201452-0000-V-FE0002":"3 - Em Atendimento de Comentarios","BdB201452-0000-V-MC0001":"3 - Em Atendimento de Comentarios","BdB201459-1420-V-MC0001":"3 - Em Atendimento de Comentarios","BdB201459-1420-V-MC0002":"3 - Em Atendimento de Comentarios","BdB201459-1920-V-MC0001":"3 - Em Atendimento de Comentarios","BdB201460-0000-V-CP0001":"3 - Em Atendimento de Comentarios","BdB201460-0000-V-RL0004":"3 - Em Atendimento de Comentarios","BdB210113-0000-V-ET0002":"3 - Em Atendimento de Comentarios","BdB210113-0000-V-FD0003":"3 - Em Atendimento de Comentarios","BdB210113-0000-V-FE0001":"3 - Em Atendimento de Comentarios","BdB210113-0000-V-FE0002":"3 - Em Atendimento de Comentarios","BdB210113-0000-V-MC0001":"3 - Em Atendimento de Comentarios","BdB210113-0000-V-MC0003":"3 - Em Atendimento de Comentarios","BdB200301-0120-V-MC0008":"3 - Em Atendimento de Comentarios","BdB200301-0120-V-FE0008":"3 - Em Atendimento de Comentarios","BdB200305-0120-V-FE0006":"3 - Em Atendimento de Comentarios","BdB200305-0120-V-MC0002":"3 - Em Atendimento de Comentarios","BdB211615-0000-V-FE0001":"3 - Em Atendimento de Comentarios","BdB220500-0000-V-FE0005":"3 - Em Atendimento de Comentarios","BdB200301-0120-V-FE0015":"3 - Em Atendimento de Comentarios","BdB200301-0120-V-FE0016":"3 - Em Atendimento de Comentarios","BdB200301-0120-V-MC0004":"3 - Em Atendimento de Comentarios","BdB200305-0120-V-FD0016":"3 - Em Atendimento de Comentarios","BdB200305-0120-V-MC0012":"3 - Em Atendimento de Comentarios","BdB200305-0120-V-ET0001":"3 - Em Atendimento de Comentarios","BdB200305-0120-V-FD0011":"3 - Em Atendimento de Comentarios","BdB200305-0120-V-RT0002":"3 - Em Atendimento de Comentarios","BdB200305-0120-V-FD0007":"3 - Em Atendimento de Comentarios","BdB200305-0120-V-FD0013":"3 - Em Atendimento de Comentarios","BdB200305-0120-V-MC0011":"3 - Em Atendimento de Comentarios","BdB200305-0120-V-RT0010":"3 - Em Atendimento de Comentarios","BdB200305-0120-V-FL0001":"3 - Em Atendimento de Comentarios","BdB200305-0120-V-ET0014":"3 - Em Atendimento de Comentarios","BdB200305-0120-V-RT0012":"3 - Em Atendimento de Comentarios","BdB200301-0120-V-FP0001":"3 - Em Atendimento de Comentarios","BdB200305-0120-V-FD0014":"3 - Em Atendimento de Comentarios","BdB200305-0120-V-MC0014":"3 - Em Atendimento de Comentarios","BdB220500-0000-V-FD0008":"3 - Em Atendimento de Comentarios","BdB200301-0120-V-FE0006":"3 - Em Atendimento de Comentarios","BdB200305-0120-V-MC0006":"3 - Em Atendimento de Comentarios","BdB200301-0120-H-FE0001":"3 - Em Atendimento de Comentarios","BdB200301-0117-H-FE0009":"5 - Concluido","BdB200301-0117-H-RL0010":"5 - Concluido","BdB200301-0117-H-RL0011":"5 - Concluido","BdB200301-0117-I-FD0004":"5 - Concluido","BdB200301-0117-I-FD0005":"5 - Concluido","BdB200301-0117-I-FD0011":"5 - Concluido","BdB200301-0117-Q-FE0002":"5 - Concluido","BdB200301-0117-V-FD0008":"5 - Concluido","BdB200301-0117-V-FD0020":"5 - Concluido","BdB200301-0117-V-FP0001":"5 - Concluido","BdB200301-0117-V-MC0006":"5 - Concluido","BdB200301-0120-H-FE0005":"5 - Concluido","BdB200301-0120-H-FE0015":"5 - Concluido","BdB200301-0120-H-FE0017":"5 - Concluido","BdB200301-0120-I-FD0002":"5 - Concluido","BdB200301-0120-Q-FE0006":"5 - Concluido","BdB200301-0120-V-FD0005":"5 - Concluido","BdB200301-0120-V-FD0012":"5 - Concluido","BdB200301-0120-V-FE0004":"5 - Concluido","BdB200301-0120-V-FE0012":"5 - Concluido","BdB200301-0120-V-MC0001":"5 - Concluido","BdB200302-0117-V-FD0002":"5 - Concluido","BdB200302-0117-V-FD0003":"5 - Concluido","BdB200302-0117-V-FD0006":"5 - Concluido","BdB201431-0000-V-FE0002":"5 - Concluido","BdB201431-0000-V-MC0002":"5 - Concluido","BdB201431-0000-V-MC0007":"5 - Concluido","BdB201431-0000-V-RL0001":"5 - Concluido","BdB201451-0000-Q-FD0001":"5 - Concluido","BdB201451-0000-Q-FD0002":"5 - Concluido","BdB201451-0000-V-FE0006":"5 - Concluido","BdB201451-0000-Q-FD0003":"5 - Concluido","BdB201451-0000-V-MC0002":"5 - Concluido","BdB201452-0000-H-FE0003":"5 - Concluido","BdB201452-0000-H-FE0004":"5 - Concluido","BdB201452-0000-H-FP0001":"5 - Concluido","BdB201452-0000-H-RL0000":"5 - Concluido","BdB201452-0000-H-RL0001":"5 - Concluido","BdB201452-0000-H-RL0005":"5 - Concluido","BdB201452-0000-I-FD0005":"5 - Concluido","BdB201452-0000-I-FD0006":"5 - Concluido","BdB201452-0000-I-FD0007":"5 - Concluido","BdB201452-0000-I-FD0011":"5 - Concluido","BdB201452-0000-L-CP0001":"5 - Concluido","BdB201452-0000-L-DE0001":"5 - Concluido","BdB201452-0000-L-DE0022":"5 - Concluido","BdB201452-0000-M-AJ0001":"5 - Concluido","BdB201452-0000-M-AJ0002":"5 - Concluido","BdB201452-0000-M-AJ0004":"5 - Concluido","BdB201452-0000-M-AJ0005":"5 - Concluido","BdB201452-0000-M-AJ0006":"5 - Concluido","BdB201452-0000-M-AJ0007":"5 - Concluido","BdB201452-0000-M-AJ0012":"5 - Concluido","BdB201452-0000-M-AJ0013":"5 - Concluido","BdB201452-0000-M-LE0001":"5 - Concluido","BdB201452-0000-V-ET0001":"5 - Concluido","BdB201452-0000-V-ET0002":"5 - Concluido","BdB201452-0000-V-ET0003":"5 - Concluido","BdB201452-0000-V-ET0005":"5 - Concluido","BdB201452-0000-V-FD0001":"5 - Concluido","BdB201452-0000-V-FD0003":"5 - Concluido","BdB201452-0000-V-FD0005":"5 - Concluido","BdB201452-0000-V-FD0007":"5 - Concluido","BdB201452-0000-V-FD0008":"5 - Concluido","BdB201452-0000-V-FD0009":"5 - Concluido","BdB201452-0000-V-FD0010":"5 - Concluido","BdB201452-0000-V-LL0001":"5 - Concluido","BdB201452-0000-V-MO0001":"5 - Concluido","BdB201454-0000-L-ET0001":"5 - Concluido","BdB201459-0000-V-CP0001":"5 - Concluido","BdB201459-0000-V-RL0001":"5 - Concluido","BdB201459-1000-A-CP0001":"5 - Concluido","BdB201459-1000-L-CP0001":"5 - Concluido","BdB201459-1000-Q-CP0001":"5 - Concluido","BdB201459-1000-Q-FE0001":"5 - Concluido","BdB201459-1000-Q-FE0002":"5 - Concluido","BdB201459-1000-Q-RL0001":"5 - Concluido","BdB201459-1000-V-RL0001":"5 - Concluido","BdB201459-1000-V-RL0002":"5 - Concluido","BdB201459-1200-Q-FE0001":"5 - Concluido","BdB201459-1200-Q-FE0002":"5 - Concluido","BdB201459-1200-Q-FP0001":"5 - Concluido","BdB201459-1260-Q-FE0006":"5 - Concluido","BdB201459-1412-Q-FE0003":"5 - Concluido","BdB201459-1412-Q-FE0004":"5 - Concluido","BdB201459-1412-Q-FE0005":"5 - Concluido","BdB201459-1412-Q-FP0003":"5 - Concluido","BdB201459-1412-Q-MC0002":"5 - Concluido","BdB201459-1412-Q-MC0003":"5 - Concluido","BdB201459-1412-Q-MC0004":"5 - Concluido","BdB201459-1420-Q-FE0001":"5 - Concluido","BdB201459-1420-Q-FP0002":"5 - Concluido","BdB201459-1420-Q-MC0005":"5 - Concluido","BdB201459-1920-V-CP0001":"5 - Concluido","BdB201459-1920-V-DB0002":"5 - Concluido","BdB201459-1920-V-MC0002":"5 - Concluido","BdB201459-1920-V-MC0003":"5 - Concluido","BdB201460-0000-V-FE0022":"5 - Concluido","BdB201460-0000-V-FE0023":"5 - Concluido","BdB201460-0000-V-FE0086":"5 - Concluido","BdB201460-0000-V-RL0001":"5 - Concluido","BdB210109-0000-V-FD0002":"5 - Concluido","BdB210112-0000-V-MC0001":"5 - Concluido","BdB210113-0000-H-FE0001":"5 - Concluido","BdB210113-0000-H-FE0002":"5 - Concluido","BdB210113-0000-H-FE0003":"5 - Concluido","BdB210113-0000-H-FE0004":"5 - Concluido","BdB210113-0000-H-FE0005":"5 - Concluido","BdB210113-0000-H-FE0006":"5 - Concluido","BdB210113-0000-H-RL0002":"5 - Concluido","BdB210113-0000-H-RL0004":"5 - Concluido","BdB210113-0000-I-LI0001":"5 - Concluido","BdB210113-0000-L-CP0001":"5 - Concluido","BdB210113-0000-L-ET0001":"5 - Concluido","BdB210113-0000-M-LE0001":"5 - Concluido","BdB210113-0000-V-CP0001":"5 - Concluido","BdB210113-0000-V-ET0001":"5 - Concluido","BdB210113-0000-V-FD0001":"5 - Concluido","BdB210113-0000-V-FD0002":"5 - Concluido","BdB210113-0000-V-FE0004":"5 - Concluido","BdB210113-0000-V-FE0005":"5 - Concluido","BdB210113-0000-V-MC0002":"5 - Concluido","BdB210113-0000-V-MC0004":"5 - Concluido","BdB210113-0000-V-RL0001":"5 - Concluido","BdB211804-0000-V-FD0007":"5 - Concluido","BdB211804-0000-V-FD0008":"5 - Concluido","BdB211806-2000-V-PT0002":"5 - Concluido","BdB211806-2000-V-PT0003":"5 - Concluido","BdB211806-2000-V-PT0005":"5 - Concluido","BdB220500-0000-A-CP0001":"5 - Concluido","BdB220500-0000-L-DE0020":"5 - Concluido","BdB220500-0000-L-DE0021":"5 - Concluido","BdB220500-0000-L-DE0022":"5 - Concluido","BdB220500-0000-L-DE0023":"5 - Concluido","BdB220500-0000-L-DE0024":"5 - Concluido","BdB220500-0000-L-DE0052":"5 - Concluido","BdB220500-0000-L-DE0053":"5 - Concluido","BdB220500-0000-L-DE0054":"5 - Concluido","BdB220500-0000-L-DE0055":"5 - Concluido","BdB220500-0000-L-DE0057":"5 - Concluido","BdB220500-0000-L-DE0118":"5 - Concluido","BdB220500-0000-L-DE0125":"5 - Concluido","BdB220500-0000-L-DE0139":"5 - Concluido","BdB220500-0000-L-DE0237":"5 - Concluido","BdB220500-0000-L-DE0238":"5 - Concluido","BdB220500-0000-Q-FD0006":"5 - Concluido","BdB220500-0000-V-FD0003":"5 - Concluido","BdB220500-0000-V-FD0004":"5 - Concluido","BdB220500-0000-V-FD0006":"5 - Concluido","BdB220500-0000-V-FE0002":"5 - Concluido","BdB220500-0000-V-FE0008":"5 - Concluido","BdB220500-0000-V-RT0001":"5 - Concluido","BdB220500-0000-V-RT0002":"5 - Concluido","BdB240101-0000-G-MD0001":"5 - Concluido","BdB240101-0000-H-FE0003":"5 - Concluido","BdB240101-0000-L-DE0005":"5 - Concluido","BdB240101-0000-L-DE0006":"5 - Concluido","BdB240101-0000-M-LE0001":"5 - Concluido","BdB240101-0000-V-CP0001":"5 - Concluido","BdB240101-0000-V-DB0001":"5 - Concluido","BdB240101-0000-V-DB0002":"5 - Concluido","BdB240101-0000-V-FE0001":"5 - Concluido","BdB240101-0000-V-FE0002":"5 - Concluido","BdB240101-0000-V-FE0003":"5 - Concluido","BdB240101-0000-V-FE0004":"5 - Concluido","BdB240101-0000-V-LT0001":"5 - Concluido","BdB240101-0000-V-MC0001":"5 - Concluido","BdB240101-0000-V-RL0001":"5 - Concluido","BdB240102-0000-G-MD0001":"5 - Concluido","BdB240102-0000-H-FP0001":"5 - Concluido","BdB240102-0000-L-CP0001":"5 - Concluido","BdB240102-0000-Q-FE0001":"5 - Concluido","BdB240102-0000-Q-FE0002":"5 - Concluido","BdB240102-0000-Q-FE0003":"5 - Concluido","BdB240102-0000-Q-FE0004":"5 - Concluido","BdB240102-0000-Q-FE0005":"5 - Concluido","BdB240102-0000-Q-FE0006":"5 - Concluido","BdB240102-0000-Q-FE0007":"5 - Concluido","BdB240102-0000-Q-FP0009":"5 - Concluido","BdB240102-0000-V-CP0001":"5 - Concluido","BdB240102-0000-V-DB0001":"5 - Concluido","BdB240102-0000-V-DB0002":"5 - Concluido","BdB240102-0000-V-DB0003":"5 - Concluido","BdB240102-0000-V-FE0001":"5 - Concluido","BdB240102-0000-V-FE0002":"5 - Concluido","BdB240102-0000-V-FE0003":"5 - Concluido","BdB240102-0000-V-FE0004":"5 - Concluido","BdB240102-0000-V-FE0005":"5 - Concluido","BdB240102-0000-V-FE0006":"5 - Concluido","BdB240102-0000-V-MC0001":"5 - Concluido","BdB240300-0000-V-CP0001":"5 - Concluido"}}]}},"List_buckets":{"runAfter":{"PlannerBucketId":["Succeeded"]},"type":"OpenApiConnection","inputs":{"parameters":{"groupId":"7d544d4a-42eb-4bb3-8531-37505cb0cb4a","id":"FwhsbC81F0KVV7TWQajqaWUAFn05"},"host":{"apiId":"/providers/Microsoft.PowerApps/apis/shared_planner","connectionName":"shared_planner","operationId":"ListBuckets_V3"},"authentication":"@parameters('$authentication')"}},"Identifica_ou_Cria_o_Bucket-copy":{"actions":{"Verifica_se_o_Bucket_Existe_e_Salva_o_ID":{"foreach":"@outputs('List_buckets')?['body/value']","actions":{"Compose_Bucket2Id":{"type":"Compose","inputs":"@addProperty(variables('Bucket2Id'), item()?['name'], item()?['id'])"},"Set_Bucket2Id":{"runAfter":{"Compose_Bucket2Id":["Succeeded"]},"type":"SetVariable","inputs":{"name":"Bucket2Id","value":"@outputs('Compose_Bucket2Id')"}},"Compose_Id2Bucket":{"runAfter":{"Set_Bucket2Id":["Succeeded"]},"type":"Compose","inputs":"@addProperty(variables('Id2Bucket'), item()?['id'], item()?['name'])"},"Set_Id2Bucket":{"runAfter":{"Compose_Id2Bucket":["Succeeded"]},"type":"SetVariable","inputs":{"name":"Id2Bucket","value":"@outputs('Compose_Id2Bucket')"}}},"metadata":{"operationMetadataId":"488cd23b-dcd5-4fcb-afbf-3de69d257206"},"type":"Foreach"}},"runAfter":{"Id2Bucket":["Succeeded"]},"metadata":{"operationMetadataId":"af212331-f63c-45a2-b2b9-9460d8fb09e4"},"type":"Scope"},"FolderBucketId":{"runAfter":{"FolderBucketName":["Succeeded"]},"type":"InitializeVariable","inputs":{"variables":[{"name":"FolderBucketId","type":"string"}]}},"Bucket2Id":{"runAfter":{"List_buckets":["Succeeded"]},"type":"InitializeVariable","inputs":{"variables":[{"name":"Bucket2Id","type":"object","value":{}}]}},"Id2Bucket":{"runAfter":{"Bucket2Id":["Succeeded"]},"type":"InitializeVariable","inputs":{"variables":[{"name":"Id2Bucket","type":"object","value":{}}]}},"PlannerBucketId":{"runAfter":{"PlannerBucketName":["Succeeded"]},"type":"InitializeVariable","inputs":{"variables":[{"name":"PlannerBucketId","type":"string"}]}},"PlannerBucketName":{"runAfter":{"FolderBucketId":["Succeeded"]},"type":"InitializeVariable","inputs":{"variables":[{"name":"PlannerBucketName","type":"string"}]}},"FolderBucketName":{"runAfter":{"Files_Check":["Succeeded"]},"type":"InitializeVariable","inputs":{"variables":[{"name":"FolderBucketName","type":"string"}]}},"Files_Check":{"runAfter":{"Files":["Succeeded"]},"type":"InitializeVariable","inputs":{"variables":[{"name":"Files_Check","type":"array","value":["BdB200301-0120-V-FD0010","BdB201452-0000-V-ET0004","BdB201452-0000-V-FE0003","BdB220500-0000-V-ET0003","BdB200301-0120-V-EG0007","BdB200301-0120-V-FD0001","BdB200301-0120-V-FD0019","BdB200301-0120-V-FE0005","BdB201452-0000-V-FD0002","BdB201452-0000-V-FD0004","BdB201452-0000-V-FD0006","BdB201452-0000-V-FE0001","BdB201452-0000-V-FE0002","BdB201452-0000-V-MC0001","BdB201459-1420-V-MC0001","BdB201459-1420-V-MC0002","BdB201459-1920-V-MC0001","BdB201460-0000-V-CP0001","BdB201460-0000-V-RL0004","BdB210113-0000-V-ET0002","BdB210113-0000-V-FD0003","BdB210113-0000-V-FE0001","BdB210113-0000-V-FE0002","BdB210113-0000-V-MC0001","BdB210113-0000-V-MC0003","BdB200301-0120-V-MC0008","BdB200301-0120-V-FE0008","BdB200305-0120-V-FE0006","BdB200305-0120-V-MC0002","BdB211615-0000-V-FE0001","BdB220500-0000-V-FE0005","BdB200301-0120-V-FE0015","BdB200301-0120-V-FE0016","BdB200301-0120-V-MC0004","BdB200305-0120-V-FD0016","BdB200305-0120-V-MC0012","BdB200305-0120-V-ET0001","BdB200305-0120-V-FD0011","BdB200305-0120-V-RT0002","BdB200305-0120-V-FD0007","BdB200305-0120-V-FD0013","BdB200305-0120-V-MC0011","BdB200305-0120-V-RT0010","BdB200305-0120-V-FL0001","BdB200305-0120-V-ET0014","BdB200305-0120-V-RT0012","BdB200301-0120-V-FP0001","BdB200305-0120-V-FD0014","BdB200305-0120-V-MC0014","BdB220500-0000-V-FD0008","BdB200301-0120-V-FE0006","BdB200305-0120-V-MC0006","BdB200301-0120-H-FE0001","BdB200301-0117-H-FE0009","BdB200301-0117-H-RL0010","BdB200301-0117-H-RL0011","BdB200301-0117-I-FD0004","BdB200301-0117-I-FD0005","BdB200301-0117-I-FD0011","BdB200301-0117-Q-FE0002","BdB200301-0117-V-FD0008","BdB200301-0117-V-FD0020","BdB200301-0117-V-FP0001","BdB200301-0117-V-MC0006","BdB200301-0120-H-FE0005","BdB200301-0120-H-FE0015","BdB200301-0120-H-FE0017","BdB200301-0120-I-FD0002","BdB200301-0120-Q-FE0006","BdB200301-0120-V-FD0005","BdB200301-0120-V-FD0012","BdB200301-0120-V-FE0004","BdB200301-0120-V-FE0012","BdB200301-0120-V-MC0001","BdB200302-0117-V-FD0002","BdB200302-0117-V-FD0003","BdB200302-0117-V-FD0006","BdB201431-0000-V-FE0002","BdB201431-0000-V-MC0002","BdB201431-0000-V-MC0007","BdB201431-0000-V-RL0001","BdB201451-0000-Q-FD0001","BdB201451-0000-Q-FD0002","BdB201451-0000-V-FE0006","BdB201451-0000-Q-FD0003","BdB201451-0000-V-MC0002","BdB201452-0000-H-FE0003","BdB201452-0000-H-FE0004","BdB201452-0000-H-FP0001","BdB201452-0000-H-RL0000","BdB201452-0000-H-RL0001","BdB201452-0000-H-RL0005","BdB201452-0000-I-FD0005","BdB201452-0000-I-FD0006","BdB201452-0000-I-FD0007","BdB201452-0000-I-FD0011","BdB201452-0000-L-CP0001","BdB201452-0000-L-DE0001","BdB201452-0000-L-DE0022","BdB201452-0000-M-AJ0001","BdB201452-0000-M-AJ0002","BdB201452-0000-M-AJ0004","BdB201452-0000-M-AJ0005","BdB201452-0000-M-AJ0006","BdB201452-0000-M-AJ0007","BdB201452-0000-M-AJ0012","BdB201452-0000-M-AJ0013","BdB201452-0000-M-LE0001","BdB201452-0000-V-ET0001","BdB201452-0000-V-ET0002","BdB201452-0000-V-ET0003","BdB201452-0000-V-ET0005","BdB201452-0000-V-FD0001","BdB201452-0000-V-FD0003","BdB201452-0000-V-FD0005","BdB201452-0000-V-FD0007","BdB201452-0000-V-FD0008","BdB201452-0000-V-FD0009","BdB201452-0000-V-FD0010","BdB201452-0000-V-LL0001","BdB201452-0000-V-MO0001","BdB201454-0000-L-ET0001","BdB201459-0000-V-CP0001","BdB201459-0000-V-RL0001","BdB201459-1000-A-CP0001","BdB201459-1000-L-CP0001","BdB201459-1000-Q-CP0001","BdB201459-1000-Q-FE0001","BdB201459-1000-Q-FE0002","BdB201459-1000-Q-RL0001","BdB201459-1000-V-RL0001","BdB201459-1000-V-RL0002","BdB201459-1200-Q-FE0001","BdB201459-1200-Q-FE0002","BdB201459-1200-Q-FP0001","BdB201459-1260-Q-FE0006","BdB201459-1412-Q-FE0003","BdB201459-1412-Q-FE0004","BdB201459-1412-Q-FE0005","BdB201459-1412-Q-FP0003","BdB201459-1412-Q-MC0002","BdB201459-1412-Q-MC0003","BdB201459-1412-Q-MC0004","BdB201459-1420-Q-FE0001","BdB201459-1420-Q-FP0002","BdB201459-1420-Q-MC0005","BdB201459-1920-V-CP0001","BdB201459-1920-V-DB0002","BdB201459-1920-V-MC0002","BdB201459-1920-V-MC0003","BdB201460-0000-V-FE0022","BdB201460-0000-V-FE0023","BdB201460-0000-V-FE0086","BdB201460-0000-V-RL0001","BdB210109-0000-V-FD0002","BdB210112-0000-V-MC0001","BdB210113-0000-H-FE0001","BdB210113-0000-H-FE0002","BdB210113-0000-H-FE0003","BdB210113-0000-H-FE0004","BdB210113-0000-H-FE0005","BdB210113-0000-H-FE0006","BdB210113-0000-H-RL0002","BdB210113-0000-H-RL0004","BdB210113-0000-I-LI0001","BdB210113-0000-L-CP0001","BdB210113-0000-L-ET0001","BdB210113-0000-M-LE0001","BdB210113-0000-V-CP0001","BdB210113-0000-V-ET0001","BdB210113-0000-V-FD0001","BdB210113-0000-V-FD0002","BdB210113-0000-V-FE0004","BdB210113-0000-V-FE0005","BdB210113-0000-V-MC0002","BdB210113-0000-V-MC0004","BdB210113-0000-V-RL0001","BdB211804-0000-V-FD0007","BdB211804-0000-V-FD0008","BdB211806-2000-V-PT0002","BdB211806-2000-V-PT0003","BdB211806-2000-V-PT0005","BdB220500-0000-A-CP0001","BdB220500-0000-L-DE0020","BdB220500-0000-L-DE0021","BdB220500-0000-L-DE0022","BdB220500-0000-L-DE0023","BdB220500-0000-L-DE0024","BdB220500-0000-L-DE0052","BdB220500-0000-L-DE0053","BdB220500-0000-L-DE0054","BdB220500-0000-L-DE0055","BdB220500-0000-L-DE0057","BdB220500-0000-L-DE0118","BdB220500-0000-L-DE0125","BdB220500-0000-L-DE0139","BdB220500-0000-L-DE0237","BdB220500-0000-L-DE0238","BdB220500-0000-Q-FD0006","BdB220500-0000-V-FD0003","BdB220500-0000-V-FD0004","BdB220500-0000-V-FD0006","BdB220500-0000-V-FE0002","BdB220500-0000-V-FE0008","BdB220500-0000-V-RT0001","BdB220500-0000-V-RT0002","BdB240101-0000-G-MD0001","BdB240101-0000-H-FE0003","BdB240101-0000-L-DE0005","BdB240101-0000-L-DE0006","BdB240101-0000-M-LE0001","BdB240101-0000-V-CP0001","BdB240101-0000-V-DB0001","BdB240101-0000-V-DB0002","BdB240101-0000-V-FE0001","BdB240101-0000-V-FE0002","BdB240101-0000-V-FE0003","BdB240101-0000-V-FE0004","BdB240101-0000-V-LT0001","BdB240101-0000-V-MC0001","BdB240101-0000-V-RL0001","BdB240102-0000-G-MD0001","BdB240102-0000-H-FP0001","BdB240102-0000-L-CP0001","BdB240102-0000-Q-FE0001","BdB240102-0000-Q-FE0002","BdB240102-0000-Q-FE0003","BdB240102-0000-Q-FE0004","BdB240102-0000-Q-FE0005","BdB240102-0000-Q-FE0006","BdB240102-0000-Q-FE0007","BdB240102-0000-Q-FP0009","BdB240102-0000-V-CP0001","BdB240102-0000-V-DB0001","BdB240102-0000-V-DB0002","BdB240102-0000-V-DB0003","BdB240102-0000-V-FE0001","BdB240102-0000-V-FE0002","BdB240102-0000-V-FE0003","BdB240102-0000-V-FE0004","BdB240102-0000-V-FE0005","BdB240102-0000-V-FE0006","BdB240102-0000-V-MC0001","BdB240300-0000-V-CP0001"]}]}},"Modify_Tasks":{"actions":{"For_each":{"foreach":"@outputs('List_tasks')?['body/value']","actions":{"Condition":{"actions":{"Set_FolderBucketName":{"runAfter":{"Set_PlannerBucketId":["Succeeded"]},"type":"SetVariable","inputs":{"name":"FolderBucketName","value":"@variables('Files')[item()?['title']]"}},"Set_FolderBucketId":{"runAfter":{"Set_FolderBucketName":["Succeeded"]},"type":"SetVariable","inputs":{"name":"FolderBucketId","value":"@variables('Bucket2Id')[variables('FolderBucketName')]"}},"Compose_2":{"runAfter":{"Set_FolderBucketId":["Succeeded"]},"type":"Compose","inputs":{"title":"@items('For_each')['title']","Taskid":"@items('For_each')['id']","BucketName":"@variables('FolderBucketName')","BucketId":"@variables('FolderBucketId')"}},"Condition_1":{"actions":{"Update_a_task_(V2)":{"type":"OpenApiConnection","inputs":{"parameters":{"id":"@items('For_each')['id']","body/percentComplete":100,"body/bucketId":"@variables('FolderBucketId')"},"host":{"apiId":"/providers/Microsoft.PowerApps/apis/shared_planner","connectionName":"shared_planner","operationId":"UpdateTask_V3"},"authentication":"@parameters('$authentication')"}}},"runAfter":{"Compose_2":["Succeeded"]},"else":{"actions":{"Update_a_task_(V2)-copy":{"type":"OpenApiConnection","inputs":{"parameters":{"id":"@items('For_each')['id']","body/percentComplete":50,"body/bucketId":"@variables('FolderBucketId')"},"host":{"apiId":"/providers/Microsoft.PowerApps/apis/shared_planner","connectionName":"shared_planner","operationId":"UpdateTask_V3"},"authentication":"@parameters('$authentication')"}}}},"expression":{"and":[{"equals":["@variables('FolderBucketName')","5 - Concluido"]}]},"type":"If"},"Condition_2":{"actions":{"Update_a_task_(V2)-copy_1":{"type":"OpenApiConnection","inputs":{"parameters":{"id":"@items('For_each')['id']","body/appliedCategories/category1":false,"body/appliedCategories/category4":true},"host":{"apiId":"/providers/Microsoft.PowerApps/apis/shared_planner","connectionName":"shared_planner","operationId":"UpdateTask_V3"},"authentication":"@parameters('$authentication')"}}},"runAfter":{"Condition_1":["Succeeded"]},"else":{"actions":{}},"expression":{"and":[{"not":{"equals":["@variables('FolderBucketName')","@variables('PlannerBucketName')"]}},{"equals":["@variables('PlannerBucketName')","5 - Concluido"]}]},"type":"If"},"Set_PlannerBucketName":{"type":"SetVariable","inputs":{"name":"PlannerBucketName","value":"@variables('Id2Bucket')[item()?['bucketId']]"}},"Set_PlannerBucketId":{"runAfter":{"Set_PlannerBucketName":["Succeeded"]},"type":"SetVariable","inputs":{"name":"FolderBucketId","value":"@variables('Bucket2Id')[variables('PlannerBucketName')]"}}},"else":{"actions":{}},"expression":{"and":[{"contains":["@string(variables('Files'))","@item()?['title']"]}]},"type":"If"}},"runAfter":{"List_tasks":["Succeeded"]},"type":"Foreach"},"List_tasks":{"type":"OpenApiConnection","inputs":{"parameters":{"groupId":"7d544d4a-42eb-4bb3-8531-37505cb0cb4a","id":"FwhsbC81F0KVV7TWQajqaWUAFn05"},"host":{"apiId":"/providers/Microsoft.PowerApps/apis/shared_planner","connectionName":"shared_planner","operationId":"ListTasks_V3"},"authentication":"@parameters('$authentication')"}}},"runAfter":{"Create_Tasks_If_not_Exists":["Succeeded"]},"type":"Scope"},"Create_Tasks_If_not_Exists":{"actions":{"Select":{"runAfter":{"List_tasks-copy":["Succeeded"]},"type":"Select","inputs":{"from":"@outputs('List_tasks-copy')?['body/value']","select":{"title":"@item()['title']"}}},"Apply_to_each":{"foreach":"@variables('Files_Check')","actions":{"Condition_3":{"actions":{"Create_a_task-copy":{"runAfter":{"Set_FolderBucketId-copy":["Succeeded"]},"metadata":{"operationMetadataId":"0335b618-f3c5-49cb-b910-f271e4c207e9"},"type":"OpenApiConnection","inputs":{"parameters":{"body/groupId":"7d544d4a-42eb-4bb3-8531-37505cb0cb4a","body/planId":"FwhsbC81F0KVV7TWQajqaWUAFn05","body/title":"@items('Apply_to_each')","body/bucketId":"@variables('FolderBucketId')"},"host":{"apiId":"/providers/Microsoft.PowerApps/apis/shared_planner","connectionName":"shared_planner","operationId":"CreateTask_V4"},"authentication":"@parameters('$authentication')"}},"Set_FolderBucketName-copy":{"type":"SetVariable","inputs":{"name":"FolderBucketName","value":"@variables('Files')[items('Apply_to_each')]"}},"Set_FolderBucketId-copy":{"runAfter":{"Set_FolderBucketName-copy":["Succeeded"]},"type":"SetVariable","inputs":{"name":"FolderBucketId","value":"@variables('Bucket2Id')[variables('FolderBucketName')]"}}},"else":{"actions":{}},"expression":{"and":[{"not":{"contains":["@string(body('Select'))","@items('Apply_to_each')"]}}]},"type":"If"}},"runAfter":{"Select":["Succeeded"]},"type":"Foreach"},"List_tasks-copy":{"type":"OpenApiConnection","inputs":{"parameters":{"groupId":"7d544d4a-42eb-4bb3-8531-37505cb0cb4a","id":"FwhsbC81F0KVV7TWQajqaWUAFn05"},"host":{"apiId":"/providers/Microsoft.PowerApps/apis/shared_planner","connectionName":"shared_planner","operationId":"ListTasks_V3"},"authentication":"@parameters('$authentication')"}}},"runAfter":{"Identifica_ou_Cria_o_Bucket-copy":["Succeeded"]},"type":"Scope"}},"description":"Fluxo para mover tarefas para os buckets corretos de acordo com a localização dos arquivos nas pasta de desenvolvimento do projeto (\"1 - Em Desenvolvimento\", \"2 - Em Verificacao\", \"3 - Em Atendimento de Comentarios\", \"4 - Em Emissao\" e \"5 - Concluido\")."},"connectionReferences":{"shared_planner":{"connectionName":"shared-planner-730716c4-9087-4070-916d-babbfea095bb","source":"Embedded","id":"/providers/Microsoft.PowerApps/apis/shared_planner","tier":"NotSpecified"}},"flowFailureAlertSubscribed":false,"isManaged":false}}