{"name":"8069c40a-44b6-4b12-a7a2-047d5c544a8c","id":"/providers/Microsoft.Flow/flows/8069c40a-44b6-4b12-a7a2-047d5c544a8c","type":"Microsoft.Flow/flows","properties":{"apiId":"/providers/Microsoft.PowerApps/apis/shared_logicflows","displayName":"Notificacao Arquivo Onedrive","definition":{"metadata":{"workflowEntityId":null,"processAdvisorMetadata":null,"flowChargedByPaygo":null,"flowclientsuspensionreason":"None","flowclientsuspensiontime":null,"flowclientsuspensionreasondetails":null,"creator":{"id":"00cd8c8a-9e19-40a3-9418-d3899b01f667","type":"User","tenantId":"6bd493a1-286f-4730-9950-33029af22dde"},"provisioningMethod":"FromDefinition","failureAlertSubscription":true,"clientLastModifiedTime":"2024-10-17T11:51:02.1019083Z","connectionKeySavedTimeKey":"2024-10-17T11:51:02.1019083Z"},"$schema":"https://schema.management.azure.com/providers/Microsoft.Logic/schemas/2016-06-01/workflowdefinition.json#","contentVersion":"1.0.0.0","parameters":{"$authentication":{"defaultValue":{},"type":"SecureObject"},"$connections":{"defaultValue":{},"type":"Object"}},"triggers":{"When_a_file_is_created_or_modified_(properties_only)":{"recurrence":{"frequency":"Minute","interval":5},"splitOn":"@triggerOutputs()?['body/value']","type":"OpenApiConnection","inputs":{"parameters":{"dataset":"https://brassbrasilprojetos.sharepoint.com/sites/Sistemasdeutilidades","table":"a9e7905f-b7ce-49e5-8aa5-481696994a8e","folderPath":"/Shared Documents/Geral/01_projetos"},"host":{"apiId":"/providers/Microsoft.PowerApps/apis/shared_sharepointonline","connectionName":"shared_sharepointonline","operationId":"GetOnUpdatedFileItems"},"authentication":"@parameters('$authentication')"}}},"actions":{"Compose":{"runAfter":{"Initialize_variable_1":["Succeeded"]},"type":"Compose","inputs":"O arquivo @{triggerBody()?['{Name}']} foi movido para a pasta @{replace(triggerBody()?['{Path}'], variables('TextToReplace'), '')} por @{triggerBody()?['Editor']?['DisplayName']}."},"Condition":{"actions":{},"runAfter":{"Condition_1":["Succeeded"]},"else":{"actions":{}},"expression":{"and":[{"equals":["@or(\r\n\tcontains(string(triggerOutputs()?['body/Path']), '2 - Em Verificacao'),\r\n\tcontains(string(triggerOutputs()?['body/Path']), '4 - Em Emissao')\r\n)","@true"]}]},"type":"If"},"Initialize_variable":{"runAfter":{},"type":"InitializeVariable","inputs":{"variables":[{"name":"TextToReplace","type":"string","value":"Shared Documents/Geral/01_projetos/"}]}},"Condition_1":{"actions":{"Post_message_in_a_chat_or_channel":{"runAfter":{"Create_HTML_table":["Succeeded"]},"metadata":{"operationMetadataId":"602b4276-6c40-4f30-9b91-d34ba56fff6a"},"type":"OpenApiConnection","inputs":{"parameters":{"poster":"Flow bot","location":"Chat with Flow bot","body/recipient":"dboliveira@brassbrasil.com.br","body/messageBody":"<p class=\"editor-paragraph\"><br>@{body('Create_HTML_table')}</p>"},"host":{"apiId":"/providers/Microsoft.PowerApps/apis/shared_teams","connectionName":"shared_teams","operationId":"PostMessageToConversation"},"authentication":"@parameters('$authentication')"}},"Create_HTML_table":{"runAfter":{"Append_to_array_variable":["Succeeded"]},"type":"Table","inputs":{"from":"@variables('Table')","format":"HTML"}},"Append_to_array_variable":{"type":"AppendToArrayVariable","inputs":{"name":"Table","value":{"Pessoa":"@triggerBody()?['Editor']?['DisplayName']","Arquivo":"@triggerBody()?['{Name}']","Pasta":"@replace(triggerBody()?['{Path}'], variables('TextToReplace'), '')","Hora":"@convertFromUtc(utcNow(),'E. South America Standard Time','HH:mm:ss tt')"}}}},"runAfter":{"Compose":["Succeeded"]},"else":{"actions":{}},"expression":{"and":[{"not":{"equals":["@triggerBody()?['Editor/DisplayName']","Daniel B. Oliveira - Processos e Utilidades"]}}]},"type":"If"},"Initialize_variable_1":{"runAfter":{"Initialize_variable":["Succeeded"]},"type":"InitializeVariable","inputs":{"variables":[{"name":"Table","type":"array"}]}}},"outputs":{},"description":""},"connectionReferences":{"shared_sharepointonline":{"connectionName":"a3b65885fb254d30ab3c09c3bacef1ae","source":"Embedded","id":"/providers/Microsoft.PowerApps/apis/shared_sharepointonline","tier":"NotSpecified"},"shared_teams":{"connectionName":"shared-teams-9182cfc2-fd46-4cb0-8c5a-3d7909fc680e","source":"Embedded","id":"/providers/Microsoft.PowerApps/apis/shared_teams","tier":"NotSpecified"}},"flowFailureAlertSubscribed":false,"isManaged":false}}