{"name":"8eba2c70-7b03-4678-8f12-eb1ebcfca06c","id":"/providers/Microsoft.Flow/flows/8eba2c70-7b03-4678-8f12-eb1ebcfca06c","type":"Microsoft.Flow/flows","properties":{"apiId":"/providers/Microsoft.PowerApps/apis/shared_logicflows","displayName":"Notificacao Arquivo Onedrive","definition":{"metadata":{"workflowEntityId":null,"processAdvisorMetadata":null,"flowChargedByPaygo":null,"flowclientsuspensionreason":"None","flowclientsuspensiontime":null,"flowclientsuspensionreasondetails":null,"creator":{"id":"00cd8c8a-9e19-40a3-9418-d3899b01f667","type":"User","tenantId":"6bd493a1-286f-4730-9950-33029af22dde"},"provisioningMethod":"FromDefinition","failureAlertSubscription":true,"clientLastModifiedTime":"2024-07-23T13:16:13.0420267Z","connectionKeySavedTimeKey":"2024-07-23T13:16:13.0420267Z"},"$schema":"https://schema.management.azure.com/providers/Microsoft.Logic/schemas/2016-06-01/workflowdefinition.json#","contentVersion":"1.0.0.0","parameters":{"$authentication":{"defaultValue":{},"type":"SecureObject"},"$connections":{"defaultValue":{},"type":"Object"}},"triggers":{"When_a_file_is_created_(properties_only)":{"recurrence":{"frequency":"Minute","interval":5},"splitOn":"@triggerOutputs()?['body']","metadata":{"b!EPxXn3PHJkmm0DwFas1P2GiW2328nE1CkyE7JvTPA2GYNKq-0PGzR4PTZY0cyTeY.01RUBG6D33VQUPGLQHOVGYTFPCZYTPA4ZG":"/Projetos/4 - Em Emissao"},"type":"OpenApiConnection","inputs":{"parameters":{"folderId":"b!EPxXn3PHJkmm0DwFas1P2GiW2328nE1CkyE7JvTPA2GYNKq-0PGzR4PTZY0cyTeY.01RUBG6D33VQUPGLQHOVGYTFPCZYTPA4ZG","includeSubfolders":false,"maxFileCount":10},"host":{"apiId":"/providers/Microsoft.PowerApps/apis/shared_onedriveforbusiness","connectionName":"shared_onedriveforbusiness","operationId":"OnNewFilesV2"},"authentication":"@parameters('$authentication')"}}},"actions":{"Post_message_in_a_chat_or_channel":{"runAfter":{},"metadata":{"operationMetadataId":"602b4276-6c40-4f30-9b91-d34ba56fff6a"},"type":"OpenApiConnection","inputs":{"parameters":{"poster":"Flow bot","location":"Chat with Flow bot","body/recipient":"dboliveira@brassbrasil.com.br","body/messageBody":"<p class=\"editor-paragraph\">O arquivo @{triggerOutputs()?['body/DisplayName']} foi movido para a pasta <b><strong class=\"editor-text-bold\">4 - Em Emissao</strong></b> por @{triggerOutputs()?['body/LastModifiedBy']}. Favor proceder com a emissão.</p>"},"host":{"apiId":"/providers/Microsoft.PowerApps/apis/shared_teams","connectionName":"shared_teams","operationId":"PostMessageToConversation"},"authentication":"@parameters('$authentication')"}}},"outputs":{}},"connectionReferences":{"shared_onedriveforbusiness":{"connectionName":"37c8c4598d834a4ba8a758a685f66aae","source":"Embedded","id":"/providers/Microsoft.PowerApps/apis/shared_onedriveforbusiness","tier":"NotSpecified"},"shared_teams":{"connectionName":"shared-teams-9182cfc2-fd46-4cb0-8c5a-3d7909fc680e","source":"Embedded","id":"/providers/Microsoft.PowerApps/apis/shared_teams","tier":"NotSpecified"}},"flowFailureAlertSubscribed":false,"isManaged":false}}