{"name":"5a1972e0-24fd-4a3b-9b2a-382335855ca4","id":"/providers/Microsoft.Flow/flows/5a1972e0-24fd-4a3b-9b2a-382335855ca4","type":"Microsoft.Flow/flows","properties":{"apiId":"/providers/Microsoft.PowerApps/apis/shared_logicflows","displayName":"Verificação Interdisciplinar de Documento","definition":{"metadata":{"workflowEntityId":null,"processAdvisorMetadata":null,"flowChargedByPaygo":null,"flowclientsuspensionreason":"None","flowclientsuspensiontime":null,"flowclientsuspensionreasondetails":null,"creator":{"id":"00cd8c8a-9e19-40a3-9418-d3899b01f667","type":"User","tenantId":"6bd493a1-286f-4730-9950-33029af22dde"},"provisioningMethod":"FromDefinition","failureAlertSubscription":true,"clientLastModifiedTime":"2024-07-14T00:10:18.1117048Z","connectionKeySavedTimeKey":"2024-07-14T00:10:18.1117048Z"},"$schema":"https://schema.management.azure.com/providers/Microsoft.Logic/schemas/2016-06-01/workflowdefinition.json#","contentVersion":"1.0.0.0","parameters":{"$connections":{"defaultValue":{},"type":"Object"},"$authentication":{"defaultValue":{},"type":"SecureObject"}},"triggers":{"Recurrence":{"recurrence":{"frequency":"Day","interval":1,"timeZone":"E. South America Standard Time","schedule":{"hours":["9"],"minutes":[0]}},"metadata":{"operationMetadataId":"8f99620a-a339-43a6-8185-913f0b4fc5d0"},"type":"Recurrence"}},"actions":{"Destinatarios":{"runAfter":{"Documentos":["Succeeded"]},"metadata":{"operationMetadataId":"4ab43e12-616b-40c5-9c0f-e68ec496f28a"},"type":"InitializeVariable","inputs":{"variables":[{"name":"Destinatarios","type":"array","value":[["rvidal@brassbrasil.com.br","lgodinho@brassbrasil.com.br"],["dveloso@brassbrasil.com.br","jluiz@brassbrasil.com.br","lottoni@brassbrasil.com.br","acardoso@brassbrasil.com.br","apereira@brassbrasil.com.br","lamaral@brassbrasil.com.br","pbastos@brassbrasil.com.br","gsouza@brassbrasil.com.br"],["dveloso@brassbrasil.com.br","jluiz@brassbrasil.com.br","lottoni@brassbrasil.com.br","acardoso@brassbrasil.com.br","apereira@brassbrasil.com.br","lamaral@brassbrasil.com.br","pbastos@brassbrasil.com.br","gsouza@brassbrasil.com.br"],["dveloso@brassbrasil.com.br","jluiz@brassbrasil.com.br","lottoni@brassbrasil.com.br","acardoso@brassbrasil.com.br","apereira@brassbrasil.com.br","lamaral@brassbrasil.com.br","pbastos@brassbrasil.com.br","gsouza@brassbrasil.com.br"]]}]}},"Documentos":{"runAfter":{"Data_Limite":["Succeeded"]},"metadata":{"operationMetadataId":"6849ecd8-138c-41b8-8a00-4fbb91fd02b1"},"type":"InitializeVariable","inputs":{"variables":[{"name":"Documentos","type":"array","value":["BdB240102-0000-V-FE0001","BdB210113-0000-V-FE0001","BdB210113-0000-V-FE0002","BdB210113-0000-V-FE0005"]}]}},"Data_Limite":{"runAfter":{"Contador":["Succeeded"]},"metadata":{"operationMetadataId":"6849ecd8-138c-41b8-8a00-4fbb91fd02b1"},"type":"InitializeVariable","inputs":{"variables":[{"name":"DataLimite","type":"array","value":["12/07/2024","15/07/2024","15/07/2024","15/07/2024"]}]}},"Contador":{"runAfter":{"Name2Email":["Succeeded"]},"metadata":{"operationMetadataId":"6849ecd8-138c-41b8-8a00-4fbb91fd02b1"},"type":"InitializeVariable","inputs":{"variables":[{"name":"Contador","type":"integer","value":0}]}},"Name2Email":{"runAfter":{},"metadata":{"operationMetadataId":"dde76fe9-b36c-4ede-8739-57aeeece9867"},"type":"InitializeVariable","inputs":{"variables":[{"name":"Name2Email","type":"object","value":{"Diana Guy Lorenzato":"dlorenzato@brassbrasil.com.br","Lis Ottoni Lopes":"lottoni@brassbrasil.com.br","Vinicius Ferreira de Almeida":"valmeida@brassbrasil.com.br","Daniel Borges de Oliveira":"dboliveira@brassbrasil.com.br","Leandro de Oliveira do Amaral":"lamaral@brassbrasil.com.br"}}]}},"UNIQUE":{"runAfter":{"FLAT":["Succeeded"]},"metadata":{"operationMetadataId":"e92a1560-d74b-4f59-8d31-6883fe420f72"},"type":"Compose","inputs":"@union(outputs('FLAT'),outputs('FLAT'))"},"JSON":{"runAfter":{"Destinatarios":["Succeeded"]},"metadata":{"operationMetadataId":"b7c0d7d8-837d-4516-9f38-f5413e3950e5"},"type":"Compose","inputs":{"Root":{"Items":"@variables('Destinatarios')"}}},"FLAT":{"runAfter":{"JSON":["Succeeded"]},"metadata":{"operationMetadataId":"050e1863-85be-4c8f-883a-9a86c5de6fe2"},"type":"Compose","inputs":"@xpath(xml(outputs('JSON')), '//text()')"},"Condição":{"actions":{"1_=_Alertar_Todos;_2_=_Alerta_Somente_Um_2":{"actions":{"Aplicar_a_cada_5":{"foreach":"@variables('DataLimite')","actions":{"Incrementar_variável_2":{"runAfter":{"Aplicar_a_cada_6":["Succeeded"]},"metadata":{"operationMetadataId":"f5ff795b-6529-4936-b0a5-f4831e00492a"},"type":"IncrementVariable","inputs":{"name":"Contador","value":1}},"Aplicar_a_cada_6":{"foreach":"@variables('Destinatarios')[variables('Contador')]","actions":{"Post_message_in_a_chat_or_channel_5":{"runAfter":{},"metadata":{"operationMetadataId":"55bb973d-a7d0-47a7-9634-aba8e8ca0d3e"},"type":"OpenApiConnection","inputs":{"host":{"apiId":"/providers/Microsoft.PowerApps/apis/shared_teams","connectionName":"shared_teams","operationId":"PostMessageToConversation"},"parameters":{"poster":"Flow bot","location":"Chat with Flow bot","body/recipient":"@{items('Aplicar_a_cada_6')};","body/messageBody":"<p>Olá,</p><br><p>Estamos com o(s) documento(s) @{variables('Documentos')[variables('Contador')]} em circulação interna no Elfa. Temos a data limite de  @{items('Aplicar_a_cada_5')} para finalizar a verificação. Poderia dar uma olhada? Obrigado.</p>\n<br>\n<a href=\"http://104.41.27.207:8030/ModuloGED/CicloVerificacaoInterna\">Clique aqui para Verificar.</a>\n<br>\n<p><b>Para alinhamentos procure <a href=\"https://teams.microsoft.com/l/chat/0/0?users=dboliveira@brassbrasil.com.br\">Daniel B. Oliveira - Processos e Utilidades</a></b></p>\n<p><small>Clique no nome para enviar mensagem.</small></p>\n"},"authentication":"@parameters('$authentication')"}}},"runAfter":{},"metadata":{"operationMetadataId":"bf74c0cb-1534-4427-bda7-2e624fbd81de"},"type":"Foreach"}},"runAfter":{},"metadata":{"operationMetadataId":"bb89cc82-48cf-42c9-be23-0971f44fd03c"},"type":"Foreach"}},"runAfter":{},"else":{"actions":{"Definir_variável":{"runAfter":{},"metadata":{"operationMetadataId":"18ff1af0-1f60-4f08-ae76-910a48b6c867"},"type":"SetVariable","inputs":{"name":"Contador","value":3}},"Aplicar_a_cada_3":{"foreach":"@variables('Destinatarios')[variables('Contador')]","actions":{"Post_message_in_a_chat_or_channel_2":{"runAfter":{},"metadata":{"operationMetadataId":"55bb973d-a7d0-47a7-9634-aba8e8ca0d3e"},"type":"OpenApiConnection","inputs":{"host":{"apiId":"/providers/Microsoft.PowerApps/apis/shared_teams","connectionName":"shared_teams","operationId":"PostMessageToConversation"},"parameters":{"poster":"Flow bot","location":"Chat with Flow bot","body/recipient":"@{items('Aplicar_a_cada_3')};","body/messageBody":"<p>Olá,</p><br><p>Estamos com o(s) documento(s) @{variables('Documentos')[variables('Contador')]} em circulação interna no Elfa. Temos a data limite de  @{variables('DataLimite')[variables('Contador')]} para finalizar a verificação. Poderia dar uma olhada? Obrigado.</p>\n<br>\n<a href=\"http://104.41.27.207:8030/ModuloGED/CicloVerificacaoInterna\">Clique aqui para Verificar.</a>\n<br>\n<p><b>Para alinhamentos procure <a href=\"https://teams.microsoft.com/l/chat/0/0?users=dboliveira@brassbrasil.com.br\">Daniel B. Oliveira - Processos e Utilidades</a></b></p>\n<p><small>Clique no nome para enviar mensagem.</small></p>\n"},"authentication":"@parameters('$authentication')"}}},"runAfter":{"Definir_variável":["Succeeded"]},"metadata":{"operationMetadataId":"bf74c0cb-1534-4427-bda7-2e624fbd81de"},"type":"Foreach"}}},"expression":{"equals":[1,1]},"metadata":{"operationMetadataId":"3c64396c-2a9c-430e-9158-bf1e45c45536"},"type":"If"},"Criar_Tabela_HTML_2":{"runAfter":{},"metadata":{"operationMetadataId":"7d16dc6a-4b5e-4880-8b38-c9ce5aad24bd"},"type":"Table","inputs":{"from":"@variables('Documentos')","format":"HTML","columns":[{"header":"Documento","value":"@item()"}]}},"Post_message_in_a_chat_or_channel_3":{"runAfter":{"Criar_Tabela_HTML_2":["Succeeded"]},"metadata":{"operationMetadataId":"55bb973d-a7d0-47a7-9634-aba8e8ca0d3e"},"type":"OpenApiConnection","inputs":{"host":{"apiId":"/providers/Microsoft.PowerApps/apis/shared_teams","connectionName":"shared_teams","operationId":"PostMessageToConversation"},"parameters":{"poster":"Flow bot","location":"Chat with Flow bot","body/recipient":"dboliveira@brassbrasil.com.br;","body/messageBody":"<p>Resumo dos documentos em circulação interna</p>\n@{body('Criar_Tabela_HTML_2')}"},"authentication":"@parameters('$authentication')"}}},"runAfter":{"UNIQUE":["Succeeded"]},"expression":{"equals":["@contains('12345', string(dayOfWeek(addHours(utcNow(), -3))))","@true"]},"metadata":{"operationMetadataId":"c35e2fdc-d704-462e-8af6-e905303492f4"},"type":"If"}},"outputs":{}},"connectionReferences":{"shared_teams":{"connectionName":"shared-teams-9182cfc2-fd46-4cb0-8c5a-3d7909fc680e","source":"Embedded","id":"/providers/Microsoft.PowerApps/apis/shared_teams","tier":"NotSpecified"}},"flowFailureAlertSubscribed":false,"isManaged":false}}