{"name":"0862bb6e-8a07-438b-b355-8c19dc076a08","id":"/providers/Microsoft.Flow/flows/0862bb6e-8a07-438b-b355-8c19dc076a08","type":"Microsoft.Flow/flows","properties":{"apiId":"/providers/Microsoft.PowerApps/apis/shared_logicflows","displayName":"teste","definition":{"metadata":{"workflowEntityId":null,"processAdvisorMetadata":null,"flowChargedByPaygo":null,"flowclientsuspensionreason":"None","flowclientsuspensiontime":null,"flowclientsuspensionreasondetails":null,"creator":{"id":"00cd8c8a-9e19-40a3-9418-d3899b01f667","type":"User","tenantId":"6bd493a1-286f-4730-9950-33029af22dde"},"provisioningMethod":"FromDefinition","failureAlertSubscription":true,"clientLastModifiedTime":"2024-11-30T04:12:00.9893679Z","connectionKeySavedTimeKey":"2024-11-30T04:12:00.9893679Z"},"$schema":"https://schema.management.azure.com/providers/Microsoft.Logic/schemas/2016-06-01/workflowdefinition.json#","contentVersion":"1.0.0.0","parameters":{"$authentication":{"defaultValue":{},"type":"SecureObject"},"$connections":{"defaultValue":{},"type":"Object"}},"triggers":{"Recurrence":{"recurrence":{"interval":1,"frequency":"Day","timeZone":"E. South America Standard Time","schedule":{"hours":["12"],"minutes":[0]}},"type":"Recurrence","runtimeConfiguration":{"concurrency":{"runs":20}}}},"actions":{"BucketName":{"runAfter":{"TarefasCriadas-Tabela":["Succeeded"]},"metadata":{"operationMetadataId":"2e39d4cb-763f-4379-8b8c-926134f11794"},"type":"InitializeVariable","inputs":{"variables":[{"name":"BucketName","type":"string","value":"0 - Documentos Não Iniciados"}]}},"BucketID":{"runAfter":{"BucketName":["Succeeded"]},"metadata":{"operationMetadataId":"4a5bf64c-2890-45fa-b98d-e5bbe16ffb4e"},"type":"InitializeVariable","inputs":{"variables":[{"name":"BucketId","type":"string"}]}},"Tarefas":{"runAfter":{"BucketID":["Succeeded"]},"metadata":{"operationMetadataId":"cc2eedb4-cea0-4d92-b657-884c4318e7a7"},"type":"InitializeVariable","inputs":{"variables":[{"name":"Tarefas","type":"array"}]}},"TarefasNaoIniciadas":{"runAfter":{"Tarefas":["Succeeded"]},"metadata":{"operationMetadataId":"53b2cdb8-e835-4177-8e52-f51cda3256c6"},"type":"InitializeVariable","inputs":{"variables":[{"name":"TarefasNaoIniciadas","type":"array"}]}},"ResumoDatasReprogramadas-Tabelas":{"runAfter":{"Planner_Tasks":["Succeeded"]},"type":"InitializeVariable","inputs":{"variables":[{"name":"ResumoDatasReprogramadas-Tabela","type":"array"}]}},"TarefasCriadas-Tabela":{"runAfter":{"ResumoDatasReprogramadas-Tabelas":["Succeeded"]},"type":"InitializeVariable","inputs":{"variables":[{"name":"TarefasCriadas-Tabela","type":"array"}]}},"Buckets_Worksheet":{"runAfter":{"Id2Bucket":["Succeeded"]},"type":"InitializeVariable","inputs":{"variables":[{"name":"Buckets_Worksheet","type":"array"}]}},"Bucket2Id":{"runAfter":{"TaskID":["Succeeded"]},"type":"InitializeVariable","inputs":{"variables":[{"name":"Bucket2Id","type":"object","value":{}}]}},"Id2Bucket":{"runAfter":{"Bucket2Id":["Succeeded"]},"type":"InitializeVariable","inputs":{"variables":[{"name":"Id2Bucket","type":"object","value":{}}]}},"Planner_Tasks":{"runAfter":{"Buckets_Worksheet_UniqueItems":["Succeeded"]},"type":"InitializeVariable","inputs":{"variables":[{"name":"Planner_Tasks","type":"array"}]}},"Condition_7-copy":{"actions":{"Constroi_Bucket2Id_e_Id2Bucket_1":{"actions":{"Constroi_Bucket2Id_e_Id2Bucket":{"foreach":"@outputs('List_buckets_1')?['body/value']","actions":{"Compose_Bucket2Id":{"type":"Compose","inputs":"@addProperty(variables('Bucket2Id'), item()?['name'], item()?['id'])"},"Set_Bucket2Id":{"runAfter":{"Compose_Bucket2Id":["Succeeded"]},"type":"SetVariable","inputs":{"name":"Bucket2Id","value":"@outputs('Compose_Bucket2Id')"}},"Compose_Id2Bucket":{"runAfter":{"Set_Bucket2Id":["Succeeded"]},"type":"Compose","inputs":"@addProperty(variables('Id2Bucket'), item()?['id'], item()?['name'])"},"Set_Id2Bucket":{"runAfter":{"Compose_Id2Bucket":["Succeeded"]},"type":"SetVariable","inputs":{"name":"Id2Bucket","value":"@outputs('Compose_Id2Bucket')"}}},"runAfter":{"List_buckets_1":["Succeeded"]},"metadata":{"operationMetadataId":"488cd23b-dcd5-4fcb-afbf-3de69d257206"},"type":"Foreach"},"List_buckets_1":{"type":"OpenApiConnection","inputs":{"parameters":{"groupId":"@variables('GroupID')","id":"@variables('PlanID')"},"host":{"apiId":"/providers/Microsoft.PowerApps/apis/shared_planner","connectionName":"shared_planner","operationId":"ListBuckets_V3"},"authentication":"@parameters('$authentication')"}}},"metadata":{"operationMetadataId":"af212331-f63c-45a2-b2b9-9460d8fb09e4"},"type":"Scope"},"Constroi_Buckets_Worksheet":{"actions":{"List_rows_present_in_a_table_1":{"runAfter":{"Get_tables_2":["Succeeded"]},"metadata":{"01RUBG6D4FJAWHWBBQ5JBJDCMDX7FV36HD":"/0-GERENCIAMENTO/Planejamento/Verificacao Interdisciplinar/StatusVerificacao.xlsx","tableId":"@outputs('Get_tables_2')?['body/value'][0]['id']"},"type":"OpenApiConnection","inputs":{"parameters":{"source":"me","drive":"b!EPxXn3PHJkmm0DwFas1P2GiW2328nE1CkyE7JvTPA2GYNKq-0PGzR4PTZY0cyTeY","file":"@outputs('Get_file_metadata_1')?['body/Id']","table":"@outputs('Get_tables_2')?['body/value'][0]['id']"},"host":{"apiId":"/providers/Microsoft.PowerApps/apis/shared_excelonlinebusiness","connectionName":"shared_excelonlinebusiness","operationId":"GetItems"},"authentication":"@parameters('$authentication')"},"runtimeConfiguration":{"paginationPolicy":{"minimumItemCount":3000}}},"Apply_to_each_1":{"foreach":"@outputs('List_rows_present_in_a_table_1')?['body/value']","actions":{"Append_to_array_variable_-_Buckets_Worksheet":{"type":"AppendToArrayVariable","inputs":{"name":"Buckets_Worksheet","value":{"Documento":"@item()?['Documento']","Bucket":"@item()?['Bucket']","DataInicio":"@item()?['DataInicio']","DataLimite":"@item()?['DataLimite']","DataEmissao":"@item()?['DataEmissao']","Planejador":"@item()?['Planejador']","Desenvolvedor":"@item()?['Desenvolvedor']","Verificadores":"@split(\r\n\treplace(\r\n\t\titem()?['Verificadores'],\r\n\t\t '\\n',\r\n\t\t ''\r\n\t),\r\n\t', '\r\n)","Titulo":"@item()?['Titulo']"}}}},"runAfter":{"List_rows_present_in_a_table_1":["Succeeded"]},"type":"Foreach"},"Get_tables_2":{"runAfter":{"Get_file_metadata_1":["Succeeded"]},"type":"OpenApiConnection","inputs":{"parameters":{"source":"me","drive":"b!EPxXn3PHJkmm0DwFas1P2GiW2328nE1CkyE7JvTPA2GYNKq-0PGzR4PTZY0cyTeY","file":"@outputs('Get_file_metadata_1')?['body/Id']"},"host":{"apiId":"/providers/Microsoft.PowerApps/apis/shared_excelonlinebusiness","connectionName":"shared_excelonlinebusiness","operationId":"GetTables"},"authentication":"@parameters('$authentication')"}},"Get_file_metadata_1":{"metadata":{"b!EPxXn3PHJkmm0DwFas1P2GiW2328nE1CkyE7JvTPA2GYNKq-0PGzR4PTZY0cyTeY.01RUBG6D3GA2YHBXMEGREY73PBP6QZM2XJ":"/0-GERENCIAMENTO/Planejamento/Verificacao Interdisciplinar/StatusVerificacao.xlsm"},"type":"OpenApiConnection","inputs":{"parameters":{"id":"b!EPxXn3PHJkmm0DwFas1P2GiW2328nE1CkyE7JvTPA2GYNKq-0PGzR4PTZY0cyTeY.01RUBG6D3GA2YHBXMEGREY73PBP6QZM2XJ"},"host":{"apiId":"/providers/Microsoft.PowerApps/apis/shared_onedriveforbusiness","connectionName":"shared_onedriveforbusiness","operationId":"GetFileMetadata"},"authentication":"@parameters('$authentication')"}},"Compose_-_Buckets_Worksheet._Importante_a_ordenação_para_processar_corretamente_":{"runAfter":{"Apply_to_each_1":["Succeeded"]},"type":"Compose","inputs":"@reverse(\r\n\tsort(\r\n\t\tvariables('Buckets_Worksheet'),\r\n\t\t'DataEmissao'\r\n\t)\r\n)"},"Set_variable_-_Buckets_Worksheet":{"runAfter":{"Compose_-_Buckets_Worksheet._Importante_a_ordenação_para_processar_corretamente_":["Succeeded"]},"type":"SetVariable","inputs":{"name":"Buckets_Worksheet","value":"@outputs('Compose_-_Buckets_Worksheet._Importante_a_ordenação_para_processar_corretamente_')"}},"Select_1":{"runAfter":{"Set_variable_-_Buckets_Worksheet":["Succeeded"]},"type":"Select","inputs":{"from":"@variables('Buckets_Worksheet')","select":{"Documento":"@item()['Documento']"}}},"Compose":{"runAfter":{"Select_1":["Succeeded"]},"type":"Compose","inputs":"@union(body('Select_1'), body('Select_1'))"},"Apply_to_each":{"foreach":"@outputs('Compose')","actions":{"Filter_array_1":{"type":"Query","inputs":{"from":"@variables('Buckets_Worksheet')","where":"@equals(item()?['Documento'],items('Apply_to_each')['Documento'])"}},"Append_-_Buckets_Worksheet_UniqueItems":{"runAfter":{"Filter_array_1":["Succeeded"]},"type":"AppendToArrayVariable","inputs":{"name":"Buckets_Worksheet_UniqueItems","value":"@first(body('Filter_array_1'))"}}},"runAfter":{"Compose":["Succeeded"]},"type":"Foreach"}},"runAfter":{"Constroi_Bucket2Id_e_Id2Bucket_1":["Succeeded"]},"type":"Scope"},"Apply_to_each_-_Buckets_Worksheet_1":{"foreach":"@variables('Buckets_Worksheet_UniqueItems')","actions":{"Se_a_tarefa_existe,_então_atualilza_data._Se_não_existe,_cria_tarefa":{"actions":{"Get_Task_ID":{"metadata":{"operationMetadataId":"8b028afa-f487-40e0-8b8e-f2017e8bc6c4"},"type":"Query","inputs":{"from":"@variables('Planner_Tasks')","where":"@equals(item()['title'],items('Apply_to_each_-_Buckets_Worksheet_1')['Documento'])"}},"Get_a_task":{"runAfter":{"Set_TaskID_-_0":["Succeeded"]},"metadata":{"operationMetadataId":"c237d19f-ca86-4d70-aebc-7a546772f5ed"},"type":"OpenApiConnection","inputs":{"parameters":{"id":"@variables('TaskID')"},"host":{"apiId":"/providers/Microsoft.PowerApps/apis/shared_planner","connectionName":"shared_planner_1","operationId":"GetTask_V2"},"authentication":"@parameters('$authentication')"}},"Se_a_data_de_emissão_for_diferente_da_LD,_então_a_data_é_atualizada":{"actions":{"Append_to_array_variable_1":{"runAfter":{"Atualiza_Data_Emissao_e_Usuario_Responsavel_-_0":["Succeeded"]},"type":"AppendToArrayVariable","inputs":{"name":"ResumoDatasReprogramadas-Tabela","value":{"Tarefa":"@items('Apply_to_each_-_Buckets_Worksheet_1')['Documento']","Bucket":"@items('Apply_to_each_-_Buckets_Worksheet_1')['Bucket']","DataAntiga":"@if(\r\n    or(\r\n        equals(\r\n            outputs('Get_a_task')?['body/dueDateTime'],\r\n            ''\r\n        ),\r\n        equals(\r\n            outputs('Get_a_task')?['body/dueDateTime'],\r\n            null\r\n        )\r\n    ),\r\n    '',\r\n    substring(\r\n\t\toutputs('Get_a_task')?['body/dueDateTime'],\r\n\t\t0,\r\n\t\t10\r\n\t)\r\n)","DataNova":"@if(\r\n    or(\r\n        equals(\r\n            variables('DueDateWorksheet'),\r\n            ''\r\n        ),\r\n        equals(\r\n            variables('DueDateWorksheet'),\r\n            null\r\n        )\r\n    ),\r\n    '',\r\n    substring(\r\n\t\tvariables('DueDateWorksheet'),\r\n\t\t0,\r\n\t\t10\r\n\t)\r\n)"}}},"Atualiza_Bucket_-_0":{"type":"OpenApiConnection","inputs":{"parameters":{"id":"@variables('TaskID')","body/bucketId":"@variables('Bucket2Id')[\r\n\titems('Apply_to_each_-_Buckets_Worksheet_1')['Bucket']\r\n]\r\n"},"host":{"apiId":"/providers/Microsoft.PowerApps/apis/shared_planner","connectionName":"shared_planner","operationId":"UpdateTask_V3"},"authentication":"@parameters('$authentication')"}},"Atualiza_Data_Emissao_e_Usuario_Responsavel_-_0":{"runAfter":{"Atualiza_Bucket_-_0":["Succeeded"]},"metadata":{"operationMetadataId":"33b08746-fe62-4c7f-90de-a095b7b91b96"},"type":"OpenApiConnection","inputs":{"parameters":{"id":"@variables('TaskID')","body/dueDateTime":"@if(\n\tequals(\n\t\tvariables('DueDateWorksheet'),\n\t\t''\n\t),\n    null,\n    variables('DueDateWorksheet')\n)","body/assignments":"@if(\n\tequals(\n\t\titems('Apply_to_each_-_Buckets_Worksheet_1')['Desenvolvedor'],\n\t\t''\n\t),\n    null,\n    items('Apply_to_each_-_Buckets_Worksheet_1')['Desenvolvedor']\n)"},"host":{"apiId":"/providers/Microsoft.PowerApps/apis/shared_planner","connectionName":"shared_planner_1","operationId":"UpdateTask_V2"},"authentication":"@parameters('$authentication')"}}},"runAfter":{"Get_a_task":["Succeeded"]},"else":{"actions":{}},"expression":{"and":[{"not":{"equals":["@outputs('Get_a_task')?['body/dueDateTime']","@variables('DueDateWorksheet')"]}}]},"metadata":{"operationMetadataId":"2bc7cbbf-934d-4c6f-bab3-042bf9b9751c"},"type":"If"},"Set_TaskID_-_0":{"runAfter":{"Get_Task_ID":["Succeeded"]},"type":"SetVariable","inputs":{"name":"TaskID","value":"@outputs('Get_Task_ID')['body'][0]['id']"}}},"runAfter":{"Compose_-_DEBUG_0":["Succeeded"]},"else":{"actions":{"Cria_Tarefa_-_1":{"metadata":{"operationMetadataId":"0335b618-f3c5-49cb-b910-f271e4c207e9"},"type":"OpenApiConnection","inputs":{"parameters":{"body/groupId":"@variables('GroupID')","body/planId":"@variables('PlanID')","body/title":"@items('Apply_to_each_-_Buckets_Worksheet_1')['Documento']","body/appliedCategories/category1":true},"host":{"apiId":"/providers/Microsoft.PowerApps/apis/shared_planner","connectionName":"shared_planner_1","operationId":"CreateTask_V4"},"authentication":"@parameters('$authentication')"}},"Atualiza_Título-_1":{"runAfter":{"Set_TaskID_-_1":["Succeeded"]},"metadata":{"operationMetadataId":"fd62779d-4c61-4e00-87b4-f691391b9eb2"},"type":"OpenApiConnection","inputs":{"parameters":{"id":"@variables('TaskID')","body/description":"@if(\n\tequals(\n\t\titems('Apply_to_each_-_Buckets_Worksheet_1')['Titulo'],\n\t\t''\n\t),\n    null,\n    items('Apply_to_each_-_Buckets_Worksheet_1')['Titulo']\n)"},"host":{"apiId":"/providers/Microsoft.PowerApps/apis/shared_planner","connectionName":"shared_planner_1","operationId":"UpdateTaskDetails_V2"},"authentication":"@parameters('$authentication')"}},"Append_to_array_variable-copy_1":{"runAfter":{"Atualiza_Data_Emissao_e_Usuario_Responsavel_-_1":["Succeeded"]},"type":"AppendToArrayVariable","inputs":{"name":"TarefasCriadas-Tabela","value":{"Tarefa":"@items('Apply_to_each_-_Buckets_Worksheet_1')['Documento']","Bucket":"@items('Apply_to_each_-_Buckets_Worksheet_1')['Bucket']","DataNova":"@if(\r\n    or(\r\n        equals(\r\n            variables('DueDateWorksheet'),\r\n            ''\r\n        ),\r\n        equals(\r\n            variables('DueDateWorksheet'),\r\n            null\r\n        )\r\n    ),\r\n    '',\r\n    substring(\r\n\t\tvariables('DueDateWorksheet'),\r\n\t\t0,\r\n\t\t10\r\n\t)\r\n)"}}},"Atualiza_Bucket_-_1":{"runAfter":{"Atualiza_Título-_1":["Succeeded"]},"type":"OpenApiConnection","inputs":{"parameters":{"id":"@variables('TaskID')","body/bucketId":"@variables('Bucket2Id')[\r\n\titems('Apply_to_each_-_Buckets_Worksheet_1')['Bucket']\r\n]\r\n"},"host":{"apiId":"/providers/Microsoft.PowerApps/apis/shared_planner","connectionName":"shared_planner","operationId":"UpdateTask_V3"},"authentication":"@parameters('$authentication')"}},"Set_TaskID_-_1":{"runAfter":{"Cria_Tarefa_-_1":["Succeeded"]},"type":"SetVariable","inputs":{"name":"TaskID","value":"@outputs('Cria_Tarefa_-_1')?['body/id']"}},"Atualiza_Data_Emissao_e_Usuario_Responsavel_-_1":{"runAfter":{"Atualiza_Bucket_-_1":["Succeeded"]},"type":"OpenApiConnection","inputs":{"parameters":{"id":"@variables('TaskID')","body/dueDateTime":"@if(\n\tequals(\n\t\tvariables('DueDateWorksheet'),\n\t\t''\n\t),\n    null,\n    variables('DueDateWorksheet')\n)","body/assignments":"@if(\n\tequals(\n\t\titems('Apply_to_each_-_Buckets_Worksheet_1')['Desenvolvedor'],\n\t\t''\n\t),\n    null,\n    items('Apply_to_each_-_Buckets_Worksheet_1')['Desenvolvedor']\n)"},"host":{"apiId":"/providers/Microsoft.PowerApps/apis/shared_planner","connectionName":"shared_planner","operationId":"UpdateTask_V2"},"authentication":"@parameters('$authentication')"}}}},"expression":{"and":[{"contains":["@string(variables('Planner_Tasks'))","@items('Apply_to_each_-_Buckets_Worksheet_1')['Documento']"]}]},"metadata":{"operationMetadataId":"61c20c1e-3608-460f-91fc-69dd450a5a13"},"type":"If"},"Se_tarefa_concluída,_então_finalizamos_tarefa._se_não_tarefa_em_andamento":{"actions":{"Atualiza_Status_-_0":{"metadata":{"operationMetadataId":"33b08746-fe62-4c7f-90de-a095b7b91b96"},"type":"OpenApiConnection","inputs":{"parameters":{"id":"@variables('TaskID')","body/percentComplete":"Completed"},"host":{"apiId":"/providers/Microsoft.PowerApps/apis/shared_planner","connectionName":"shared_planner_1","operationId":"UpdateTask_V2"},"authentication":"@parameters('$authentication')"}}},"runAfter":{"Se_a_tarefa_existe,_então_atualilza_data._Se_não_existe,_cria_tarefa":["Succeeded"]},"else":{"actions":{"Atualiza_Status_-_1":{"metadata":{"operationMetadataId":"33b08746-fe62-4c7f-90de-a095b7b91b96"},"type":"OpenApiConnection","inputs":{"parameters":{"id":"@variables('TaskID')","body/percentComplete":"In Progress"},"host":{"apiId":"/providers/Microsoft.PowerApps/apis/shared_planner","connectionName":"shared_planner_1","operationId":"UpdateTask_V2"},"authentication":"@parameters('$authentication')"}}}},"expression":{"and":[{"equals":["@items('Apply_to_each_-_Buckets_Worksheet_1')['Bucket']","5 - Concluido"]}]},"type":"If"},"Compose_-_DEBUG_0":{"runAfter":{"Set_DueDateWorksheet":["Succeeded"]},"type":"Compose","inputs":{"Documento":"@items('Apply_to_each_-_Buckets_Worksheet_1')['Documento']","DataEmissao":"@items('Apply_to_each_-_Buckets_Worksheet_1')['DataEmissao']","Bucket Planilha":"@items('Apply_to_each_-_Buckets_Worksheet_1')['Bucket']","Desenvolvedor":"@items('Apply_to_each_-_Buckets_Worksheet_1')['Desenvolvedor']","BucketID":"@variables('Bucket2Id')","Titulo":"@items('Apply_to_each_-_Buckets_Worksheet_1')['Titulo']"}},"Set_DueDateWorksheet":{"type":"SetVariable","inputs":{"name":"DueDateWorksheet","value":"@if(\n    or(\n        equals(\n            items('Apply_to_each_-_Buckets_Worksheet_1')['DataEmissao'],\n            ''\n        ),\n        less(\n            items('Apply_to_each_-_Buckets_Worksheet_1')['DataEmissao'],\n            '1900-01-01T15:00:00Z'\n        )\n    ),\n    null,\n    items('Apply_to_each_-_Buckets_Worksheet_1')['DataEmissao']\n)"}}},"runAfter":{"Constroi_Planner_Tasks":["Succeeded"]},"type":"Foreach"},"Constroi_Planner_Tasks":{"actions":{"List_tasks_1":{"metadata":{"operationMetadataId":"c0893371-0230-4042-92a8-297a7fcee9a7"},"type":"OpenApiConnection","inputs":{"parameters":{"groupId":"@variables('GroupID')","id":"@variables('PlanID')"},"host":{"apiId":"/providers/Microsoft.PowerApps/apis/shared_planner","connectionName":"shared_planner_1","operationId":"ListTasks_V3"},"authentication":"@parameters('$authentication')"},"runtimeConfiguration":{"paginationPolicy":{"minimumItemCount":3000}}},"Set_Variable_-_Planner_Tasks":{"runAfter":{"List_tasks_1":["Succeeded"]},"type":"SetVariable","inputs":{"name":"Planner_Tasks","value":"@outputs('List_tasks_1')?['body/value']"}}},"runAfter":{"DEBUG_1":["Succeeded"]},"type":"Scope"},"Notifica_Tarefas_Modificadas-copy":{"actions":{"Condition_8":{"actions":{"Post_message_in_a_chat_or_channel_1":{"runAfter":{"Create_HTML_table_1":["Succeeded"]},"type":"OpenApiConnection","inputs":{"parameters":{"poster":"Flow bot","location":"Chat with Flow bot","body/recipient":"dboliveira@brassbrasil.com.br","body/messageBody":"<p class=\"editor-paragraph\">Resumo das datas que foram modificadas na lista de documentos em relação à última verificação:<br>@{body('Create_HTML_table_1')}<br><br><small>P.S.: As datas estão no formato Ano-Mês-Dia.</small><br><small>Mensagem enviada em @{convertFromUtc(utcNow(),'E. South America Standard Time','dd-MM-yyyy HH:mm:ss tt')}</small></p>"},"host":{"apiId":"/providers/Microsoft.PowerApps/apis/shared_teams","connectionName":"shared_teams-1","operationId":"PostMessageToConversation"},"authentication":"@parameters('$authentication')"}},"Create_HTML_table_1":{"type":"Table","inputs":{"from":"@variables('ResumoDatasReprogramadas-Tabela')","format":"HTML","columns":[{"header":"Tarefa","value":"@item()['Tarefa']"},{"header":"Bucket","value":"@item()['Bucket']"},{"header":"DataAntiga","value":"@item()['DataAntiga']"},{"header":"DataNova","value":"@item()['DataNova']"}]}}},"else":{"actions":{}},"expression":{"and":[{"equals":["@empty(variables('ResumoDatasReprogramadas-Tabela'))","@false"]}]},"type":"If"}},"runAfter":{"Apply_to_each_-_Buckets_Worksheet_1":["Succeeded","TimedOut","Skipped","Failed"]},"type":"Scope"},"Notifica_Tarefas_Criadas-copy":{"actions":{"Condition_10":{"actions":{"Post_message_in_a_chat_or_channel_3":{"runAfter":{"Create_HTML_table-copy_1":["Succeeded"]},"metadata":{"operationMetadataId":"8d2ef47e-0055-45d3-bea4-d857ae615aca"},"type":"OpenApiConnection","inputs":{"parameters":{"poster":"Flow bot","location":"Chat with Flow bot","body/recipient":"dboliveira@brassbrasil.com.br","body/messageBody":"<p class=\"editor-paragraph\">Resumo dos documentos que foram incluídos na lista de documentos em relação à última verificação:<br>@{body('Create_HTML_table-copy_1')}<br><br><small>P.S.: As datas estão no formato Ano-Mês-Dia.</small><br>\n<small>Mensagem enviada em @{convertFromUtc(utcNow(),'E. South America Standard Time','dd-MM-yyyy HH:mm:ss tt')}</small></p>"},"host":{"apiId":"/providers/Microsoft.PowerApps/apis/shared_teams","connectionName":"shared_teams","operationId":"PostMessageToConversation"},"authentication":"@parameters('$authentication')"}},"Create_HTML_table-copy_1":{"type":"Table","inputs":{"from":"@variables('TarefasCriadas-Tabela')","format":"HTML","columns":[{"header":"Tarefa","value":"@item()['Tarefa']"},{"header":"Bucket","value":"@item()['Bucket']"},{"header":"DataNova","value":"@item()['DataNova']"}]}}},"else":{"actions":{}},"expression":{"and":[{"equals":["@empty(variables('TarefasCriadas-Tabela'))","@false"]}]},"type":"If"}},"runAfter":{"Apply_to_each_-_Buckets_Worksheet_1":["Succeeded","TimedOut","Skipped","Failed"]},"type":"Scope"},"Scope_-_Error_Handling":{"actions":{"Filter_array":{"type":"Query","inputs":{"from":"@result('Apply_to_each_-_Buckets_Worksheet_1')","where":"@equals(item()?['status'],'Failed')"}},"Select":{"runAfter":{"Filter_array":["Succeeded"]},"type":"Select","inputs":{"from":"@body('Filter_array')","select":{"Ação":"@item()?['name']","Messagem":"@item()?['error']?['message']"}}},"Post_message_in_a_chat_or_channel_3-copy":{"runAfter":{"Create_HTML_table":["Succeeded"]},"metadata":{"operationMetadataId":"8d2ef47e-0055-45d3-bea4-d857ae615aca"},"type":"OpenApiConnection","inputs":{"parameters":{"poster":"Flow bot","location":"Chat with Flow bot","body/recipient":"dboliveira@brassbrasil.com.br","body/messageBody":"<p class=\"editor-paragraph\">Houveram erros no fluxo:<br>@{body('Create_HTML_table')}<br><small>Mensagem enviada em @{convertFromUtc(utcNow(),'E. South America Standard Time','dd-MM-yyyy HH:mm:ss tt')}</small></p>"},"host":{"apiId":"/providers/Microsoft.PowerApps/apis/shared_teams","connectionName":"shared_teams","operationId":"PostMessageToConversation"},"authentication":"@parameters('$authentication')"}},"Create_HTML_table":{"runAfter":{"Select":["Succeeded"]},"type":"Table","inputs":{"from":"@body('Select')","format":"HTML"}}},"runAfter":{"Apply_to_each_-_Buckets_Worksheet_1":["Failed"]},"type":"Scope"},"DEBUG_1":{"runAfter":{"Constroi_Buckets_Worksheet":["Succeeded"]},"type":"Compose","inputs":"@variables('Buckets_Worksheet_UniqueItems')"}},"runAfter":{"DueDateWorksheet":["Succeeded"]},"else":{"actions":{}},"expression":{"and":[{"equals":[1,1]}]},"type":"If"},"DueDateWorksheet":{"runAfter":{"TarefasNaoIniciadas":["Succeeded"]},"type":"InitializeVariable","inputs":{"variables":[{"name":"DueDateWorksheet","type":"string"}]}},"PlanID":{"runAfter":{"GroupID":["Succeeded"]},"metadata":{"operationMetadataId":"9fd81600-1028-4f33-9e2b-6e4fc7759f08"},"type":"InitializeVariable","inputs":{"variables":[{"name":"PlanID","type":"string","value":"1FG6jhc4U0GtjLZfYoLHS2UABD_b"}]}},"GroupID":{"runAfter":{},"metadata":{"operationMetadataId":"bdb3e6bf-77f1-4ff2-852a-13f6d5ddb903"},"type":"InitializeVariable","inputs":{"variables":[{"name":"GroupID","type":"string","value":"7d544d4a-42eb-4bb3-8531-37505cb0cb4a"}]}},"TaskID":{"runAfter":{"PlanID":["Succeeded"]},"type":"InitializeVariable","inputs":{"variables":[{"name":"TaskID","type":"string"}]}},"Buckets_Worksheet_UniqueItems":{"runAfter":{"Buckets_Worksheet":["Succeeded"]},"type":"InitializeVariable","inputs":{"variables":[{"name":"Buckets_Worksheet_UniqueItems","type":"array"}]}}},"description":""},"connectionReferences":{"shared_planner":{"connectionName":"shared-planner-730716c4-9087-4070-916d-babbfea095bb","source":"Embedded","id":"/providers/Microsoft.PowerApps/apis/shared_planner","tier":"NotSpecified"},"shared_excelonlinebusiness":{"connectionName":"c331046536804e49a75ab8386f08ca46","source":"Embedded","id":"/providers/Microsoft.PowerApps/apis/shared_excelonlinebusiness","tier":"NotSpecified"},"shared_onedriveforbusiness":{"connectionName":"37c8c4598d834a4ba8a758a685f66aae","source":"Embedded","id":"/providers/Microsoft.PowerApps/apis/shared_onedriveforbusiness","tier":"NotSpecified"},"shared_planner_1":{"connectionName":"shared-planner-730716c4-9087-4070-916d-babbfea095bb","source":"Embedded","id":"/providers/Microsoft.PowerApps/apis/shared_planner","tier":"NotSpecified"},"shared_teams-1":{"connectionName":"shared-teams-9182cfc2-fd46-4cb0-8c5a-3d7909fc680e","source":"Embedded","id":"/providers/Microsoft.PowerApps/apis/shared_teams","tier":"NotSpecified"},"shared_teams":{"connectionName":"shared-teams-9182cfc2-fd46-4cb0-8c5a-3d7909fc680e","source":"Embedded","id":"/providers/Microsoft.PowerApps/apis/shared_teams","tier":"NotSpecified"}},"flowFailureAlertSubscribed":false,"isManaged":false}}