{"name":"8581bde6-389d-4680-baf2-48e85c017912","id":"/providers/Microsoft.Flow/flows/8581bde6-389d-4680-baf2-48e85c017912","type":"Microsoft.Flow/flows","properties":{"apiId":"/providers/Microsoft.PowerApps/apis/shared_logicflows","displayName":"Aprovação - Teste Comentarios","definition":{"metadata":{"workflowEntityId":null,"processAdvisorMetadata":null,"flowChargedByPaygo":null,"flowclientsuspensionreason":"None","flowclientsuspensiontime":null,"flowclientsuspensionreasondetails":null,"creator":{"id":"00cd8c8a-9e19-40a3-9418-d3899b01f667","type":"User","tenantId":"6bd493a1-286f-4730-9950-33029af22dde"},"provisioningMethod":"FromDefinition","failureAlertSubscription":true,"clientLastModifiedTime":"2024-10-01T23:17:36.0558545Z","connectionKeySavedTimeKey":"2024-10-01T23:17:36.0558545Z"},"$schema":"https://schema.management.azure.com/providers/Microsoft.Logic/schemas/2016-06-01/workflowdefinition.json#","contentVersion":"1.0.0.0","parameters":{"$authentication":{"defaultValue":{},"type":"SecureObject"},"$connections":{"defaultValue":{},"type":"Object"},"sharepoint.site":{"defaultValue":"","type":"String"},"sharepoint.list":{"defaultValue":"","type":"String"},"sharepoint.approvers":{"defaultValue":"","type":"String"}},"triggers":{"When_an_item_is_created":{"recurrence":{"interval":5,"frequency":"Minute"},"splitOn":"@triggerOutputs()?['body/value']","metadata":{"operationMetadataId":"1ea79f1a-b077-49ef-a3b3-4bfe559668a4"},"type":"OpenApiConnection","inputs":{"parameters":{"dataset":"https://brassbrasilprojetos.sharepoint.com/sites/Sistemasdeutilidades","table":"3e02a529-0fab-4abb-ba7d-64a1c9243c66"},"host":{"apiId":"/providers/Microsoft.PowerApps/apis/shared_sharepointonline","connectionName":"shared_sharepointonline_1","operationId":"GetOnNewItems"},"authentication":"@parameters('$authentication')"}}},"actions":{"Get_item":{"runAfter":{},"metadata":{"operationMetadataId":"75e759e3-7075-4ca6-a413-d89b6fed77b7"},"type":"OpenApiConnection","inputs":{"parameters":{"dataset":"https://brassbrasilprojetos.sharepoint.com/sites/Sistemasdeutilidades","table":"Controle de Terceirizações","id":"@triggerOutputs()?['body/ID']"},"host":{"apiId":"/providers/Microsoft.PowerApps/apis/shared_sharepointonline","connectionName":"shared_sharepointonline_1","operationId":"GetItem"},"authentication":"@parameters('$authentication')"}},"Inicializar_variável":{"runAfter":{"Get_item":["Succeeded"]},"metadata":{"operationMetadataId":"e30ba94f-7270-4108-aa66-aaa07527e4cf"},"type":"InitializeVariable","inputs":{"variables":[{"name":"Counter","type":"integer","value":1}]}},"Fazer_até":{"actions":{"Condition":{"actions":{"Apply_to_each_response_to_approve":{"foreach":"@array(outputs('aguardar_uma_aprovação')?['body'])","actions":{"Aplicar_a_cada":{"foreach":"@body('Get_item')","actions":{"Inform_requestor_of_approval":{"metadata":{"operationMetadataId":"1ca32d8d-a5b3-44d5-a25c-3fe5fae18ba2"},"type":"OpenApiConnection","inputs":{"parameters":{"PostNotificationRequest/recipient/to":"@items('Aplicar_a_cada')?['responder/email']","PostNotificationRequest/messageBody":"@{items('Apply_to_each_response_to_approve')?['responder/displayName']} aprovou a solicitação @{body('Get_item')?['{Name}']} (@{body('Get_item')?['{Link}']}).\n\nComentários: @{items('Apply_to_each_response_to_approve')?['comments']}","PostNotificationRequest/messageTitle":"Aprovado: @{body('Get_item')?['{Name}']}"},"host":{"apiId":"/providers/Microsoft.PowerApps/apis/shared_teams","connectionName":"shared_teams_1","operationId":"PostUserNotification"},"authentication":"@parameters('$authentication')"}},"Postar_mensagem_em_um_chat_ou_canal_2":{"runAfter":{"Inform_requestor_of_approval":["Succeeded"]},"metadata":{"operationMetadataId":"b172b127-6c4a-465e-b271-d4499ffbd528"},"type":"OpenApiConnection","inputs":{"parameters":{"poster":"Flow bot","location":"Chat with Flow bot","body/recipient":"dboliveira@brassbrasil.com.br","body/messageBody":"<p class=\"editor-paragraph\">@{items('Apply_to_each_response_to_approve')?['responder/displayName']} aprovou a solicitação @{body('Get_item')?['{Name}']} (@{body('Get_item')?['{Link}']}).<br><br>Comentários: @{items('Apply_to_each_response_to_approve')?['comments']}</p>"},"host":{"apiId":"/providers/Microsoft.PowerApps/apis/shared_teams","connectionName":"shared_teams_1","operationId":"PostMessageToConversation"},"authentication":"@parameters('$authentication')"}}},"metadata":{"operationMetadataId":"12947c39-6d80-4099-bbdc-bfa5a785aad3"},"type":"Foreach"},"Send_an_email_notification_(V3)":{"runAfter":{"Update_item":["Succeeded"]},"metadata":{"operationMetadataId":"d3bb9cc8-96e7-4321-82a2-5c87246976e3"},"type":"OpenApiConnection","inputs":{"parameters":{"request/to":"@{outputs('Get_item')?['body/EmaildoFornecedor']};","request/subject":"teste","request/text":"<p>teste</p>"},"host":{"apiId":"/providers/Microsoft.PowerApps/apis/shared_sendmail","connectionName":"shared_sendmail","operationId":"SendEmailV3"},"authentication":"@parameters('$authentication')"}},"Update_item":{"runAfter":{"Aplicar_a_cada":["Succeeded"]},"type":"OpenApiConnection","inputs":{"parameters":{"dataset":"https://brassbrasilprojetos.sharepoint.com/sites/Sistemasdeutilidades","table":"3e02a529-0fab-4abb-ba7d-64a1c9243c66","id":"@triggerBody()?['ID']","item/EmaildoFornecedor":"@triggerBody()?['EmaildoFornecedor']","item/Title":"@Concatenate(triggerBody()?['Projeto'],'-', triggerBody()?['ID'],'.',variables('Counter'))","item/Aprovado/Claims":"@triggerBody()?['Aprovado']?['Claims']","item/Aprovado0":true},"host":{"apiId":"/providers/Microsoft.PowerApps/apis/shared_sharepointonline","connectionName":"shared_sharepointonline_1","operationId":"PatchItem"},"authentication":"@parameters('$authentication')"}}},"metadata":{"operationMetadataId":"94809acf-6a3f-40d8-b702-f5318a252026"},"type":"Foreach"},"Definir_variável":{"runAfter":{"Apply_to_each_response_to_approve":["Succeeded"]},"metadata":{"operationMetadataId":"6409d9e2-7cb3-4087-92d4-0b15f3f7e3d4"},"type":"SetVariable","inputs":{"name":"Counter","value":0}}},"runAfter":{"Compose":["Succeeded"]},"else":{"actions":{}},"expression":{"and":[{"contains":["@array(outputs('aguardar_uma_aprovação')?['body'])","Aprovado"]}]},"metadata":{"operationMetadataId":"4dc5f6f5-19ac-4b86-a4d2-f9ef7111fc47"},"type":"If"},"Condição":{"actions":{"Apply_to_each_response_to_reject":{"foreach":"@array(outputs('aguardar_uma_aprovação')?['body'])","actions":{"Inform_requestor_of_rejection":{"metadata":{"operationMetadataId":"2ff609dc-336c-4265-8f42-a9cdf60bb995"},"type":"OpenApiConnection","inputs":{"parameters":{"PostNotificationRequest/recipient/to":"@items('Apply_to_each_response_to_reject')?['responder/email']","PostNotificationRequest/messageBody":"@{items('Apply_to_each_response_to_reject')?['responder/displayName']} reprovou a solicitação @{body('Get_item')?['{Name}']} (@{body('Get_item')?['{Link}']}).\n\nComentários: @{items('Apply_to_each_response_to_reject')?['comments']}","PostNotificationRequest/messageTitle":"Reprovado: @{body('Get_item')?['{Name}']}"},"host":{"apiId":"/providers/Microsoft.PowerApps/apis/shared_teams","connectionName":"shared_teams_1","operationId":"PostUserNotification"},"authentication":"@parameters('$authentication')"}}},"metadata":{"operationMetadataId":"314765b7-d51b-446c-b05c-f44833286a46"},"type":"Foreach"},"Set_variable":{"runAfter":{"Apply_to_each_response_to_reject":["Succeeded"]},"type":"SetVariable","inputs":{"name":"Counter","value":0}}},"runAfter":{"Compose":["Succeeded"]},"else":{"actions":{}},"expression":{"and":[{"contains":["@array(outputs('aguardar_uma_aprovação')?['body'])","Reprovado"]}]},"metadata":{"operationMetadataId":"5666d630-f333-464c-954f-ae588f712619"},"type":"If"},"Condição_2":{"actions":{"Apply_to_each_response_to_comment":{"foreach":"@array(outputs('aguardar_uma_aprovação')?['body'])","actions":{"Inform_requestor_of_rejection_2":{"metadata":{"operationMetadataId":"2ff609dc-336c-4265-8f42-a9cdf60bb995"},"type":"OpenApiConnection","inputs":{"parameters":{"PostNotificationRequest/recipient/to":"@items('Apply_to_each_response_to_comment')?['responder/email']","PostNotificationRequest/messageBody":"@{items('Apply_to_each_response_to_comment')?['responder/displayName']} comentou da solicitação @{body('Get_item')?['{Name}']} (@{body('Get_item')?['{Link}']}).\n\nComentários: @{items('Apply_to_each_response_to_comment')?['comments']}","PostNotificationRequest/messageTitle":"Comentários: @{body('Get_item')?['{Name}']}"},"host":{"apiId":"/providers/Microsoft.PowerApps/apis/shared_teams","connectionName":"shared_teams_1","operationId":"PostUserNotification"},"authentication":"@parameters('$authentication')"}}},"metadata":{"operationMetadataId":"314765b7-d51b-446c-b05c-f44833286a46"},"type":"Foreach"},"Increment_variable":{"runAfter":{"Apply_to_each_response_to_comment":["Succeeded"]},"type":"IncrementVariable","inputs":{"name":"Counter","value":1}}},"runAfter":{"Compose":["Succeeded"]},"else":{"actions":{}},"expression":{"and":[{"contains":["@array(outputs('aguardar_uma_aprovação')?['body'])","Comentário"]}]},"metadata":{"operationMetadataId":"e8dbc979-b9a7-4544-bf89-41da660ea5ce"},"type":"If"},"Aguardar_uma_aprovação":{"runAfter":{"Criar_uma_aprovação":["Succeeded"]},"metadata":{"operationMetadataId":"7ee4f7dd-f688-4e79-af07-0a65e3bf1622"},"type":"OpenApiConnectionWebhook","inputs":{"parameters":{"approvalName":"@body('Criar_uma_aprovação')?['name']"},"host":{"apiId":"/providers/Microsoft.PowerApps/apis/shared_approvals","connectionName":"shared_approvals_1","operationId":"WaitForAnApproval"},"authentication":"@parameters('$authentication')"}},"Criar_uma_aprovação":{"metadata":{"operationMetadataId":"7e3d1959-5614-481f-b071-0a1683c89c8f"},"type":"OpenApiConnection","inputs":{"parameters":{"approvalType":"CustomResponse","ApprovalCreationInput/responseOptions":["Aprovado","Reprovado","Comentário"],"ApprovalCreationInput/title":"@{outputs('Get_item')?['body/Title']} - Solicitação de Terceirização","ApprovalCreationInput/assignedTo":"@body('Get_item')?['Aprovado']?['Email']","ApprovalCreationInput/details":"Favor verificar as planilhas em anexo e aprovar, reprovar ou comentar a solicitação.","ApprovalCreationInput/itemLink":"@outputs('Get_item')?['body/{Link}']","ApprovalCreationInput/itemLinkDescription":"Link para Arquivos","ApprovalCreationInput/enableNotifications":true,"ApprovalCreationInput/enableReassignment":true},"host":{"apiId":"/providers/Microsoft.PowerApps/apis/shared_approvals","connectionName":"shared_approvals_1","operationId":"CreateAnApproval"},"authentication":"@parameters('$authentication')"}},"For_each":{"foreach":"@outputs('Aguardar_uma_aprovação')?['body']?['responses']","actions":{"Postar_mensagem_em_um_chat_ou_canal":{"metadata":{"operationMetadataId":"9f77ca6e-5a9c-42f6-8e35-82691908a578"},"type":"OpenApiConnection","inputs":{"parameters":{"poster":"Flow bot","location":"Chat with Flow bot","body/recipient":"@items('For_each')?['responder']?['email']","body/messageBody":"<p class=\"editor-paragraph\">@{body('Aguardar_uma_aprovação')?['outcome']}</p>"},"host":{"apiId":"/providers/Microsoft.PowerApps/apis/shared_teams","connectionName":"shared_teams_1","operationId":"PostMessageToConversation"},"authentication":"@parameters('$authentication')"}}},"runAfter":{"Aguardar_uma_aprovação":["Succeeded"]},"type":"Foreach"},"Compose":{"runAfter":{"For_each":["Succeeded"]},"type":"Compose","inputs":"@array(outputs('aguardar_uma_aprovação')?['body'])"}},"runAfter":{"Inicializar_variável":["Succeeded"]},"expression":"@equals(variables('Counter'),0)","limit":{"count":60,"timeout":"PT1H"},"metadata":{"operationMetadataId":"6411a040-06ba-447f-bfde-9410c0514cd9"},"type":"Until"}},"outputs":{},"description":"Quando um item do SharePoint for criado, envie uma solicitação de aprovação. O aprovador poderá ver e aprovar a solicitação no Microsoft Teams."},"connectionReferences":{"shared_sharepointonline_1":{"connectionName":"a3b65885fb254d30ab3c09c3bacef1ae","source":"Embedded","id":"/providers/Microsoft.PowerApps/apis/shared_sharepointonline","tier":"NotSpecified"},"shared_teams_1":{"connectionName":"shared-teams-9182cfc2-fd46-4cb0-8c5a-3d7909fc680e","source":"Embedded","id":"/providers/Microsoft.PowerApps/apis/shared_teams","tier":"NotSpecified"},"shared_sendmail":{"connectionName":"shared-sendmail-6e30a269-4483-4d91-8a33-89b7a5353fb8","source":"Embedded","id":"/providers/Microsoft.PowerApps/apis/shared_sendmail","tier":"NotSpecified"},"shared_approvals_1":{"connectionName":"409872c623854b9d9a2971d6a137139b","source":"Embedded","id":"/providers/Microsoft.PowerApps/apis/shared_approvals","tier":"NotSpecified"}},"flowFailureAlertSubscribed":false,"isManaged":false}}