{"name":"c045ae70-84a4-47c3-b780-c91a36862170","id":"/providers/Microsoft.Flow/flows/c045ae70-84a4-47c3-b780-c91a36862170","type":"Microsoft.Flow/flows","properties":{"apiId":"/providers/Microsoft.PowerApps/apis/shared_logicflows","displayName":"Planner - Deleta Tarefas por ID","definition":{"metadata":{"workflowEntityId":null,"processAdvisorMetadata":null,"flowChargedByPaygo":null,"flowclientsuspensionreason":"None","flowclientsuspensiontime":null,"flowclientsuspensionreasondetails":"","creator":{"id":"00cd8c8a-9e19-40a3-9418-d3899b01f667","type":"User","tenantId":"6bd493a1-286f-4730-9950-33029af22dde"},"provisioningMethod":"FromDefinition","failureAlertSubscription":true,"clientLastModifiedTime":"2024-11-05T10:47:32.171235Z","connectionKeySavedTimeKey":"2025-05-19T12:20:00.3796855Z","clientCreatedTime":"2025-05-12T07:45:09.5754667Z","migrationSourceId":"/subscriptions/754abb9d-e636-47dd-b406-0a8f58702e36/resourceGroups/6bd493a1286f4730995033029af22dde-00cd8c8a9e1940a39418d3899b01f667/providers/Microsoft.Logic/workflows/c045ae70-84a4-47c3-b780-c91a36862170-azshadow"},"$schema":"https://schema.management.azure.com/providers/Microsoft.Logic/schemas/2016-06-01/workflowdefinition.json#","contentVersion":"1.0.0.0","parameters":{"$authentication":{"defaultValue":{},"type":"SecureObject"},"$connections":{"defaultValue":{},"type":"Object"}},"triggers":{"manual":{"type":"Request","kind":"Button","inputs":{"schema":{"type":"object","properties":{},"required":[]}}}},"actions":{"2_-_Em_Verificacao":{"runAfter":{},"metadata":{"operationMetadataId":"4ab43e12-616b-40c5-9c0f-e68ec496f28a"},"type":"InitializeVariable","inputs":{"variables":[{"name":"Deletar","type":"array","value":["_H5gk3fPRkGDeE-9fJ6og2UAAz34","pWPXMDeUo0i9GppMjk5gV2UADBI5","6vZmvoKNSky2zpLGEGPdN2UAAwq5","4fuykyZ5jU-HuaSWrgmp7GUAHqU7","zt66CR1ESku5EzkwCWbbEGUAKgsV","QD4yW84R9kinTkL-wOMzw2UAOxwf","LrtUemy5mkCC2MH-uTqQT2UAP5_l","eShrYyscqkWXUQ3u5BJv92UAH46T","ITKnGAZzDEKqM-fApEyPaWUAIA3C","gYRsIujmkECMcKhdSuZQPWUAA-p8","-TR7MpYSSE2AWwJeSZ72CmUAMEgZ","kVML4yUFb0ii9xDz-gKkbWUANPSi","ZSbWECugAkuvea4fgpWNeWUAC4KC","6lQ8kFWDWUGbH4QYOM-TxWUAM9JM","71BZfHbLWE6CA6-7Cwx-kmUAJ9Jy","VyXUsM_P30iVk1N6YBjUYGUAKSqp","55AYfmzUXEOO41ivIR0uGWUAPjrr","Qbo1ejmu50-iL_HAV0vo4WUAFR_g","ca1uMKVDSUGvEWBm4f8sXmUAMva0","fjeDI9Ng2EOea32W7pmPQmUAJ1_V","TU5sOxUPRkyMUdeV-se0hWUANrOa","ueMmO0iqbEyv1dH2e0DRWmUACD6W","Lt8PA3qrK0Ge-0IhCRNmA2UALAzX","PNv82ZjLIUiHGyHKkKXaxGUAP679","CqUyc0TnkUqA_AfEGlim4mUAMw3Z","exHmeG-S4EOeghEBjduPu2UAOB8r","RG8f1W4Qf0eWH1dgKrIOOGUAMuKv","n4nmG76Go0qoxEZbKWY8nmUAHVso","MgXzMsnRFkG-eTK_eOuxNGUAJpCb","1w_r9IXO8U2xLpbvG9Ag3mUAHbiO","jrsIABhrOUy_A5umFNqqXmUALUUg","Raea8KNDtEucrJG_sHsq32UAPj9-","jtmgkULmIUO0jVMi1E2RU2UAOnk4","e4VQ9kFG_E6CE30FkStkq2UAK7Un","2PFLzP9QLkO83VaEV61yYGUAElO-","Lpt7uxuAYUqBmc0XOi0xHWUAJRDB","TfdYjz6-fEmM7sgJH9jIoWUAMOTJ","JFdxj7r4OEaUXJSs9FSXf2UALP4T","nwZ0_RbRS0eFufSQQesgVGUAFUDA","JpaNrWAME02VF-1_qaBVWWUAD7DA","NFB6e9AKKE2jgy8D2ZxmS2UANFIQ","8VJT98stCUWcxm7l7qyv7mUAPnD5","vTPfFcIkKE6Lwb8tt2wH_2UAOCnm","3BkdZ4WMCk-puaRJKSBNrWUAB2BI","ccupilIZRkOlimqf5qk8B2UAEk_s","nRxstyuO_EGPQZOhPXxu32UAOUD_","BJpM9YZeL026BGr7xMlrOWUAFWpa","r7mCEECGekuoYFAcQU1Ir2UAHYdO","fF-OM4-wOkaOT69K0RwMhmUAGVo1","w-1I-fAEVUuEmhnLgXT9imUAJQTS","iIxYK5Y58UiW5nnHEeh-AWUAC5pw","24X4MNp700yMeHIueVPV-2UAIrdZ","3cJkL-d0kEe8BaVbNBWCu2UADOFq","pA_QRvbdc02o1HRVwh_5XmUAMtks","CieKHvfzwke0T3V4QoLf3WUAN_8M","iFJz1YEs9k6u3fLGT2PacWUAPbLu","Yb_heynMcEalSK6xpAasBWUAJzu6","FhL7-GQrDUyIAAzBGXSFSWUAAOnM","NeKOZWE0J0qs5nFdLAjQ2WUAJPhb","ygD8mU_5XUy323988RKQeWUAGowz","iPWM3-r6y0iNnYRl8rXjF2UAKCU6","sn_CJLHie0KgFWRJRMpY32UADvTi","9mMag9ruR06Qz_wm2SA5rGUAMLaW","2khTbGh4DUy4-kcsfyCCX2UAP8xs","15Jq-xa6I0OoMb2tXu7DxmUADaRF","x6KGjl0C8ky4hz6cELl4Q2UAH9iM","0vtwbMFmlUSzP-XodRymrWUAOAxc","7HTEnkg4aku05zr9VchORWUAD8WT","_G-lUsuFoUyhIgGegbjyYGUAOk3P","KKvWymh3WEahpyP8kybUDWUAC4Nr","YGOCriZeR0aLnNH2HcDD7mUAP2MC","JRcLSdQfCkqyeubn2BdXXWUAP1FR","7AfMD_9P0kKSy5q-vEWV_2UAHUV2","PgYTKoZxhk2pWfcd3XjRZWUAIzLv","Ofa76bGFZka6m13l1451qWUAOseg","gNVM6bNS30qtAoXscCePv2UAMjDv","794jmsWSf0GDrFV4g4nnm2UAOPyZ","cUa181FiNkKrlXDWJG7ks2UAB5Ht","Jgqk3etxckKhlzEas-_jC2UAJSWe","m4OJyEaXfECTKCkqmn7KLmUAOW-S","Ye-ue9hOP02SxTQ1bISuHGUAAEQ_","KMQoxOOnHU-jQtU5f4sfuGUAM8x_","9FxmikVWOkqpetdu2MBD_2UAH8zy","6i150aZHhU-CcPVSE3VY-mUAIXRI","AR5HW4rpUUC1K21q0dEFlWUAF7EW","fEtOsqqfY0mHEP8lzHnEgGUAADmZ","N9-gCN_zfEKT5p4T7k02amUAEa8j","QQhtUsNuQU-4zW7jTBNCiGUAL5HO","SiEesC8LzUeAW4Be02eF72UAByxT","5poD5BFLiEG8Ugo56A7ki2UAOzGe","fGQXhXjtz0mPCMUDHFa0O2UADx7E","NUgHijQ5GUKlS1azMmIrG2UAKP_S","WWaXqFHgRkGEvhonsWi8VGUAGRRF","jx_CqqjOe0KMqbzA0ivQwmUAJ1Ko","swh8kyjQcUafYXZB7EmIn2UAMKO7","_z5x5X8X_UaRVlM8XXknz2UAF0l0","RxaPFLvE90iYb0KbIxGfy2UAE7si","Ndu_Ze2XIk2jStwnTCpWZWUAJlrS","-ENR44VLuEKqre2s4gVJoGUAN13X","LliuBWUifkyhKQnm3oE00WUAB_NJ","JbIZoU9vfUq6vmj7SOjZeWUAJZrY","o5-Okk8odEakDvhTWwE2ImUABQH2","YT4yILXXWUexJBbJ45J1qWUAPDkb","8h1uheI9w0-7igCXjU67eWUAHz4Z","YFqKniZON0CX8IrymrJ_U2UAFuQQ","CL4sDXxCRkO3w9fQax4HRmUACHdc","Oz8Dl5z__UCUJSdO0D6pwGUAFdgU","pD8XI5hQ5kutqJJwiOPIlmUAL3mG","YkFD4iofSUOzZIbKQke2mGUALP4X","OuoIyd2Tp0amLwcr_Mr8IWUAB5Os","LqJVqw0gWkCiUP5TrkuFe2UAEjni","rrZbJJgprUGFnIyznpZ9JGUAFFnI","iVbEhpGy3UiXTE7uDxvtzWUAIAmF","Onh6BkWiBUa4kjBDn4xS-mUAK_No","XmP_Xn2Jd0GO8_eT31lWm2UANIh4","tSPdJYAeskGwjYbc1B2J6mUADElD","Ol8WsoP_6EyAymFdqJD9r2UAPEy9","4VsrA2YtpUekUshtyXZ3M2UAKqbX","YnXErDJNV06F_9OKWoAcPWUAPwcx","m-MAqjZ97U2SVEkVo1E3nGUAB25b","ASBh3xhe3k-AecCjsiinj2UANclU","zobNNqf01k-vIjOMzzd4imUAGWPz","be_R7lp0nEKv2j_CmGEn7mUAHycF","wP82pA52-UOtE2auiAo29WUAK99k","clfjh-6bbEmnZAVeCzngOmUANel1","L7nW4CBcbUOpy9D5CYDpqmUAPIME","33eAfS1vHEqswytnLCIkM2UADt1g","RXKpVd6-sk6v8cThFZMw4GUANg-L","cJ3mqkh0j02vjCXisP53ZmUAKfXw","gr-p3deAjkCB2tZ8YwbwVWUACUho","vk94LkXqqku6TpACYLUqo2UAAAYd","3Duu_Ejsl0Ktnu1C3r1lR2UAMOQF","xH9zx6kRC0C2c4bt63pIM2UAPYvG","n1J538PhPEmbXVOiep2OK2UAEyS2","sDq2Eiy8SkCSfQuSc0O26WUAPInQ","WKfBN97rYUi_1SrtF1xg9WUAKJge","k98NyzWDQEKSp0Tg_YLCCWUAFm-q","V81pFallHk-J80GE87BvZWUALW8H","OQdzp0llqUiwCsNakyAJTWUAJl5D","0CYzbMG3-Uej99aKuKCkpmUALmj9","S3PZCJ4tXkCorePcBd7RaWUAGzzy","b5Qhq2jUGU6ZsyWyqpzqGGUAD9j8","mvcbiZIH50yig4G54ejSD2UANmye","or4Md7NBwUCy8S3-WRi3RGUAB0-2","6SJOpYXcn0OMhxT7tNji12UAI1Sn","ZFNh4p3Lu0e-xfMF0bxJuGUACEuE","ybZFsjJAt02ZK3VLDKEFXGUALSW4","xy32FthgHkSnHuw-jCXlcGUAKkYb","33CmYnj1ikmPNhWkUX5uGGUACDGF","ayq26QDjl0mcb27URaNL5mUAMFWM","jAdK_PlZL0OsCLE0V7-97GUAPHXo","lfqR2ZZp5ECyu5z18Vii9mUAEcT8","aAEQ98zZ7Ued8z2QBfjNymUAKHSc","hW0kyAHzeE68WDvKb4rcjmUAGzKD","14ko9yKAOUOJZ-G3TLBK92UALOis","QWi4lAJP0UyZOzkN_A9C0mUAGzXG","9SoZkxf5I0ihaSfYIdsWrmUAMXUp","GfGD-vyK5kmH6uuVm7v-cmUANGds","WFM9tO0_dUy_es2fZcjKUmUAPysX","D2EwaSQ04kid-1RO_udXi2UAHZFw","Feo_tyOHA0OKPTrV17_xXGUAKYdo","dnQKVbcKcEyCwpXnYCK0Q2UACLIp","PEacWduBrEm-McpygD5EM2UAC_LP","6xR4P42n0UaAwaCFIF_y92UAMy3N","-5vvHhrcpEaThLPfJjNpkGUAE6xV","3LWGFCaqLECFytDzGaZS72UADcV1","r9xPMy6RA0ysINX3zfKz8mUAEF6p","CMIlTydmhEi8F5vlCCctNmUALq-F","Mbk-icWjCUaAF-kDsTU6GGUADcXN","DMDOXKUY1E2rldZqHkPTMmUAGUjd","eTuMHxwW5UKwsD_qTJGqi2UAJ8hy","qqoq7uQ6-UCdQjRPBdK3AGUAJhaf","nRValSMRKEur0iOnxxbTCWUAH7iP","zegSOmBZAEikJRnbGTtWvWUAMNbY","zTOIU__70kCtDVNoQEXO6GUAFcQS","_5EJ33j5Pk63XD91HSkvkmUALKEk","fUdiJhoHAUyRiKxitk-qjGUAE9Mu","wknq4HvHjEqqFh9kQOLCV2UAHXqk","_o06WEIdH0WU_H8ZufF0MWUAH1GR","BMH8rdHbRU6BxuDKjotoV2UABPX7","MSKlWVmzf0yV1mzcT-LVDmUAOfCy","9d_VS-8I4kayNDlX5EzGv2UAMWNU","Sj40n6LhKkuGfux7yTyx5GUAF0ar","F0bVfhZolEaBTYP374PIFmUAI3jP","oHc-Ai0W0kO9r_Zz13P1zWUAMZ0u","aZA7JBY7WkuUNVzFqLtUX2UANxkc","soSA_-Q8oEav_ouuVOMI4GUAL_FK","qTAzjfQ390OQdFFGQ33xy2UAMnsm","gZexkUeOGUiHnUjaKvlk1mUAF_xk","49jPrzaGCUqM0Bbf39BpBGUALCmS","eqd2MPMTY0S83jHSePC2CmUAEoq5","YX8MBPReEEed5RKynNduZGUAIud_","dkZqQaraT02aiR7h9X0-4WUANpyw","Sq96g7vVWkO1VbCNdhr46WUAAeLg","Oct1SbSNa0qGasV4xtOclmUAGABI","JuG7xf0KFU-JsHknHMjQZGUACEeU","q94H_eeJDkKWnasaBPa6G2UABXb_","Sk7o2SF8IU-vaW5_PqRv4mUANOzW","DcwVvlumd0mnKMu2rE9f3mUAEDfW","gbNQyrdRW0Wm0JTf0-HUAmUAOIP6","nIqYvN2coESAeXWgzwuidWUAEjNB","4mHXW7VCyUmu9G1EwrK672UAPmC4","baHlDTSgTkKSQhqMufwR7WUAHJ4J","Q0hoaN9yRkGrPKyVl2PkTmUAOAyt","QNCfy2L41k6Cj5TzkOs1OmUAH0xD","xbtOPpoanUOOyWDVu6UFL2UADlQE","SXW5Zgtm8Eq1HXdbgswCZ2UAOuSN","qtiDUFwkQE6gj06NNo59x2UAI2W3","eMDy6uGDEkGaQXdCImFNpGUAI2Ff","hQBSsXktaEeGKBcgtOE5MWUAKvPI","97uwqryrXEeWgWEKeetAZmUALWIV","I2TM-52PY0GfwPNlCp3SAmUANAc1","QPlKQmW8I0-9y_NkSMWwL2UADKeU","645Qqr3HU02qmnbovF269GUALrCs","aleWN_LoIECx5KXBhne6M2UACqTJ","0WKm5mp8oUmaTXuLVQz8ImUALfO7","4IC_dLbozUirSJdScJq2RmUAGYca","2pu_ytIec0O9nspdKScNg2UADRoj","BX6WPvLSMk2f3xXUJtFWdWUALPLP","9tUIF7VYSkSydMeBVjfFTmUANIrD","xPAO11WpqUKPBCqhQPck-GUALWYS","AxliDUjYzkiOZahW48-bzWUAHgvR","NUw7Mt74ZU2Tf48QNlurmWUAMc5l","w1cRvcwoQ0O7uFnDfAnTF2UAEzId","Nwgd3ZsaCE6T9KloOohQz2UAGojp","hHyCK_2CWU-tvp7BuKGknGUAAJ8C","EpFHB3J8mkaBASpd98cjF2UAFHFP","42vPAmOuzkmUhqyi0I7QiGUAKlyr","S6UeJEEiNUOM_qwFMlHcSGUABPPS","m-Ar882HcUuw235-NHa8ImUAOut9","J7ygwLq410q5rZgOiFiRu2UABE-f","gsMgcPP1UEuzmH-IiDXQ1mUAE6IS","oWFgLnnpAUidPU0QQIXOHWUAMa_q","2AC4r5rBn0G9K6rFuEyJgGUAF8pb","Kmj3x5XeREKBvNjAprhd92UAHXIJ","1mCfSp3XxE6cAw0l4ouqgWUAAo4S","Y8_-uOeyXUWo4jlWVxGPmmUAPgMk","J4GaNJg2lk-UmHNpnP2hpmUACmCt","5C1RTThksUux9g5WD6URDGUAGpqT","P8sfkoxOZ0aeIku4Zn9h0WUAFAWl","XJWgQITZXUatXGc7TJS18mUAIeJW","3vqnurOauk6nOg7V-wHEEmUANXsI","PR1MsGJqwkuISiKRIHOLe2UANB5t","0riGWxbsu0yuq5327KP5U2UAO9ga","9HwbbWKtkEqJVwL_x5L8J2UAK1Xw","AH056lzpDkG0OtzrsQLQ8GUAOpIe","qDDijN6A0k-tvBSn1v764GUAMBFM","-qEpRnqD7U-3gjDytB0ulWUAFx1I","g074Ueza_02EA9gDsyPXVWUAOCV7","V_rPU8CA8kOad5zwZKiRvWUABI_i","psrwZYSiOEqBk8i9lfmREGUABEKp","V--WnYf-V0OHm3qdCCqhCGUAI-Wg","U7HX0o9t80OqCZCZ1RgT2GUAImKR","q5bHCrG6_kqKvaUXgXX_smUACvFA","OoI4DZIwbkeQBy6zLXdSs2UAOlkc","63XLokGLMkOn21XUvJevVmUAP48b","tt8TO03gI0aaobCmmINLvGUAM0n6","Sqn9eBzVtUyV5RVPDEXT-2UAONo3","myMcEi0Sv0K3bDErF06aaWUAOTfZ","LghaMolBH0-0MJCq98wzN2UABYgS","oiryhDEqK0Ki8IdeWyU-hmUAL-_J","FYT7XuVHPkGjwObe-LAem2UAIzej","WoQquJk9nkSEwjjm--zN32UABeaE","VLJGp6kePESPyV4xQU2ct2UAMaeY","A9naQ1Mn1UC1_zzC80kZr2UABT7p","rqt1jQdQxU6ZG5YvV6C-6mUAPhNc","ly_EpdRfTkGwCzxe2Se8q2UAK0jG","riMt7LjHvEWS55z86y43TmUAIYAK","DJwFRj_6mkqTr965OIE9MGUAApNw","wLD832zFPEufdn-_Gwm0HGUAM3eS","mwVaF7tfCE6uF5HalODlk2UAEBJL","0BNPA0oqsk2NRbb0ESueP2UAGeo6","WEth8GnJakCgzvlDHPY2UGUAGmjq","xg8cmwSorEStoCsaEMQYVWUAPVEL","WDGcnQrShk-AjW1w--3ofmUAFyge","JvocxRZ07Ee98FIpKshUTGUAMdIr","Uu7OeXaNyUS7JRG8yywR7mUADMBS","2DeVJJmFu0iBB4sR3cxeumUAOYsi","CB81lcZyFk22YKHIpg4vHGUAI1bB","4-obiKml5kiZZz_k9f-3HGUAKe6z","ZPyNGaz9PUGl7SJ2ebv-ymUAHpiF","AjE64kyzDUSLOKzYiAWRjGUALJt1","8eD6eQK00kiK9zMkk3VfiGUALfv7","v1QnKOm6h0G-dgfns3ZRbmUAPKL1","ZavXLdOH20K1A8LKDaLioWUAPaP9","DuiI6yAtNkO6ypePZZqLz2UAKs8D","sxcfSgPREE6KNeYGm6MBSGUAKxWl","rSjRScARi06_s1FeAreTlGUAJrfh","1gi6C1r6P0OCgCA5uq7rZWUALXOk","FRzgJm1B0UiC-Zg9Cb7Y4mUANUWR","i49psvfMvUOKpdtvQUB1QWUAO0gP","j5ayXrcGzUueussopmMLCmUAKnVW","R-RpvShg8ku46SX01665-WUAH8Mr","e9is-V9sG0Wa41W7thD6XWUAF7Bi","_nvElUwYzEqyj_-eMi9LhWUAI5Dy","jAEjMc26jUWU_SXFBGhXN2UAI14Q","QP-M4iwCcUiDKlmKM4jBWmUANKrK","vnceOjETUkqpsjyM3sT2GmUACnU9","1h_IZihV3k-SNqXdIhpW_mUAJuXM","vOusnd_GSkGU0l0S54kFDGUAJ-of","KRPEWJ0hcU-YQBFVTiRoIGUAJRRj","L8-xE3jJ1kCxav7xqoraT2UAJ2KJ","-7HBcwd92EyzaXWDRNEZ1GUAGoQ0","nfWuha_vIUC46ghthe6DSGUAL-T2","QACkJJtDPEmepwyiC_IXsWUACQ9r","Ty1_E96jfESU82mLY0Z5E2UAOUU1","ATZv5BLSI0iTRIVuj9WDQ2UAGIno","nh9kJZ1om0-uwpG2GxywZWUAG7wX","y4mJzmI96EyJoJ27M2Ze_WUAKjTR","AJkWui3_VkagT-UTXvcgtWUAH_j9","u_1w5pO-m0i_6Rx5Zo-BNWUAILAY","zPwYxennrEWEzvKZC7-LyGUAOAAs","xnQDEzEfRUqfBtdo3Eo8b2UABnHf","kBy-fcJNbkeBFQpFWFTCVmUAPbfo","6KnuxbHxg0qtbD35LQ1FCGUADIfI","fwaTHs_SOk-TuHDlb3neI2UANTMH","oaH1UzpES0GV9BEQmqgB0WUAElXf","4LbkqTMhp02YoPsdWyU-vWUAF8Ld","vrCsZenZckunD3OJC820H2UAGZOz","W6UdT8Wz_U24Au_aekyFSGUAGSPs","L3AJak5kuEezCzjLZqU4u2UAHvnN","8pc1jODyZEyaVGp8KWA1UGUAH757","7T7xGEseeEiy2TjK_stNdmUAMxop","4MoQ03Xg5EmhZFjGYG4ag2UAMrZR","YIqN0KwKT0uRz1irujSjqWUAJ80e","J5spCbtIe0q8gMoIKhAKAGUAJPiE","p_iQdl0SOkiYVVxHfxrjF2UAMgQ9","sxmgPk53iUi9O6AZfem4zWUAO4Fg","N2vK9KmAxESat4ICIuqaZGUAFKkl","nu1Mzv5idEm5GxKN7ENOMmUAGD1T","D4DETy0k3k-KTZD3ndf4pGUAG7dO","LwsGQCquJUa22P9SkvZ9KWUANMBK","nHjB9lFlVkueysQksh3H9mUAMAwk","vcD7OUdWU0eCu0NtgY8iDGUAGG8y","bAQytzie40eF5cGa0VQ8JWUADGrm","Rp3OL2sLUUqjl5QjPA9dKGUANsa8","Oe_QWsfFQU2aCy4PRl3_WGUAASG2","P9vdyMzwAUumJsNK9WSoBmUACKbX","IS4ibZSFQ0WyQ9bFCKeoPmUADsOJ","fgOEul-DIE2hbMpUcNKDYWUAGFZn","pZZlECW8kEaAo7By-pPDeGUADWSb","IqMYa3VQQUqYh-8JIVrTgGUAHp1G","YUGy1juC0UG4i_-1Ivn2IGUAFGOm","a_B4j-oMLkGSc6H4XkozpWUAAT4o","h2ZC2oAPE0G_n3I7ILQEqGUAJBwF","p15oTifFnkyjai9UFCcQImUAEbM2","hQVfyoWiFE65e-KheRPyNWUACpIU","s_RzyVaP9Um6kC0SJK8222UAJePl","vxufsbz5K0CqPjLnkLWtyGUAOuWy","MPPgf0gbskGpPrU4KWOTZWUANUfg","xz4OWEr3zke_Hi_MExlthWUAJE6Z","yhqIESG5tkCBlr1kP3iVIWUALLtF","daKICAxghkC76wYJiGkc22UAAbP-","q7Up0ed11EalAn5dw6e2uGUADuUr","J6VRuNzSiUOBqR7Ubi-3omUAETX1","9_2wtUpi3k6t73yn-Et0OGUANfLe","IZJS-GSqdEyn9-9Biw_h0WUAHtGi","a3lWC_sUiEmtAXa-3SHSC2UANphG","Y5AtTU8Kq0KVRdwdWc7kD2UAM4Ir","ekM08YRMAkitgGPI_mnLZGUACkFD","-PIodiYe3EqUBXUiW4LKi2UAIXM-","nvVKFOFFckKWQToIIE9NNGUAE0HI","cyV3DZHN_kq6CVu1EJ3U4mUAIBzW","wRrkFoPuv0mAu9xeKNjxOmUAMHa-","I46oJ5gWHECP_bKjkBlTcGUAD-kX","5nUj5BvkYkeCdnAuCMId72UALrNJ","n8CF3Kcd60CU1Qxy5XJvdWUAOh1K","whjmYo5cEEG31_WAzT1gxWUAC4fZ","tMXG80V8D0-y20_gXPd-7mUALAEl","mw9V2WTC8UOF7Zcm_h17dGUAKyH7","ZFLQhhrHd0iwcEAjHrZlfmUALEI0","c1_AckEFq0uRyXhf_ptGFmUAGsJg","eFqXDDA4dEqt2P35mmBmC2UAHRGt","1d3Pzip9zEOJ4h4c0FoidGUAImXr","pJkGi0A2t0OuzxI5k5vkE2UALciq","FuejhdHDekOQ3bWeVsyJVmUANBAz","qffYS2-yHk2ndFqGxu6EQWUADDZT","cNaRcoocak60beFOZM22WmUAN2Ve","4YbnUxw_fUKrlWdMNodwj2UAD77t","7ukWBqhX1Uivl2J63TEa5mUAB3f9","30RZNAuZnE-Mk1V0MxU5vmUAJo5I","LTUCMMH3kUKx8lwJFZeOu2UAL7M6","EBPauja910SHZfbnAwA6K2UAEvCw","oukiinrF1Ee7weuVGuNetGUADFZK","d3oeI2oeBUSJEt_aieW-9mUAE9y4","Wu9QvauhcEy002p0HvLuKmUAMKts","ivkvPKZP30i42iVMwCh4GGUACCxx","rreFXlCcBku7o4UrZ5X9U2UAGyFb","3PTrx5lN0UKaj3xbE21LQGUAK9M0","PJJdTYviAk-uJSlX-rknoWUADjBc","drdTooUuDkirLEhfsWesvmUABA9K","GNKITw_ZskqRDwNmHNYtjGUAI08X","jk5Dycgd_EyGv2yzLaG0RmUAGGEG","xrODHzJYVUqQMgTTcX6fGGUAFtNs","_L03t0GQZ0mLyaAr-B3i6WUAOCLL","Jf4QvYfiwUaN5gZOf_uidWUACVZz","_9Tg3BjKDEa6DJrvujXwLGUALc03","2g1M5Uj0Skyx-YcpIC11mWUALAYh","ADI-HQDBcU6g8Cv55Mlg0mUAIBMJ","9ILveILCpUKedixh9DRq2WUAN-6B","8Gp9G6m1jEW7eT0k-97pPmUABMgE","m6mOdEA0ikSvjP9IupmQhmUAO7OT","y3yvHc6uX0yBqmpS1S_7h2UAGZCi","JkaePj2iukCsFfyz1Bvv6WUADmE9","dNhL9am9TkikrvNmHBH6P2UALnnI","GPArtuYuika1KGKpg7dXdGUALpJE","JGJKzF1YTEevYH3a78tx72UAGtoU","z-v30mLJzkeadeQG3YCDkWUABhK9","Aooc1rKscECWIXFZe_AAnWUAEP3A","ea0nE1cEJUiRIW9qpQQQ9WUAGEW6","JOSZCFTUH0O-Q4ZBPzt_Y2UABCJB","5F8lkVD1M0WDwc7ncheTaGUAEoNw","Vw2Rn5spkk2j_1YlfK0FG2UAGWpi","SqXKBLLc5UeyLkcgMv78NWUAK32N","Lsp0lEyEjUqWh6tM8SymmmUAIj_J","YcYsE1reNke3j7ZC1a-yWWUAIDvj","RHzdm8l6_ke4EoXMSA27ZWUANG2d","GcII83WzA0qxNZscqB3Sr2UAKYoP","JNS3vELwfk2MQXQQG3zuDWUAEn3w","-D41jTd3MUeEkO83Q6JWZWUAOwGk","JsxSDETb10CQgFfwm145cmUAPob1","Si0XwFUF2kGEeVdfnvmySmUAM9kz","H3_wN4LOJUufLPM1nqpyJmUAH_Wy","JrpmQNwUG0SCjqt0zLYKVGUACPrg","sOtuIA8DCEyBTchF1jdGzmUABJcu","3pqJ7qywg0KIaltKZbTdGWUAOr9V","r4eWvMIahk2jPk4mnvrTn2UAFISU","myjOJvSlBkiw7a_rql83SGUAE35y","KXxdqwrJuEGgXjYA3YWrImUAFAJe","_oIOsSAt0EuT_VQ-9Q9PF2UAMBUe","U3lYI7mMKk-o1vZN_da8UWUAPLJE","3jqRiRjPsEy4XXK4Bs5DBmUAA48x","E0S7otOkt0KAjR3Futc-NWUAL6oy","-GVOofqNj0Cca44Okf371mUAI7Wi","_UMxNYiPo0a9HJ4uatEAHmUAKEJO","sz4Yvk93oE2TO5yKtH3VkmUAF2h5","Id1pLoLboUKS3LWEDpljEmUAA_-s","TWxCseihV0SsFqXzKtv1SmUAJpxY","MEPvsq_ahUupl7rfcTJkKGUAMODZ","TXTaXikN5Ey5vxpE_jmXQWUAFyOE","WgG2Oxb7zESd7DHkZToldWUAOIBo","m1zCNy1Tdkq0Reedg3PIr2UAK8VK","AxJyJZkVTE2nYVBPYDi2x2UAKRDK","u79LYE0aAEiKEG_qA4O7LmUAARbl","X2lYLfhJpkuX4q7VJdxlr2UAIbR_","B33pB-emqECetj3nJu7ocGUAHy9n","MKsW1TWhrUyA7Kdu5lYXuGUAAixx","0xbax0CPQkWg38J-9TnxXGUABtKu","Z1VrRw59SUGzfSAbC-IEBmUAK7Ut","QI7Ro-Ce60euL5siYSa9fWUADb-r","i67liKSsd0ma6hj0e6VHIGUABLIl","QVu6RbwjbUewMRGDjqLVdmUANKOT","rFx3SiRyDkimsLCOKW_B0GUAMRZN","nHN4BtJzDkeT6Lx1reIGiWUAB8MH","cdxz4OlyZEeC_bsxKZH3hmUAHEIs","EldxeEQowkK9Rl6GndSPVWUAJy7R","8DUS-dxpvEmUB9VapBb9nWUALLby","EKb10ZjCdEa1KnJFRDOSBmUAIH8m","YhsryE3t0k2B5mOa73C8XmUADSir","cna1EM1hdU60EkHRZfcEhGUAGy3s","G8N_-S22GkS-8YiPOlijdWUABPJZ","coZwcTlLs0SG4vJClMurvmUADXNY","LMhiTm2uZ02KcjKfcL4hUWUAIzkY","LJCpKnFex0m7RPDkbexdv2UAEDL8","R10P9XoWSUK-Nq8yQbJySGUAHPF-","9XXG-goT1k625oTY4kmceGUAHU7l","U630Ku_E302mep6G3JtgH2UAHlzv","FOr_2wZhS0qyPdN-sfNvrmUAL6Zc","FiEQzayLcUqDo1JZRiw2tmUAEY5g","9vhhpbqzR0260_u0wtFGyWUABT6A","5GSzjYmtc0WBLHu5JYmBu2UAETS4","ugc7modzcEWaBz6C0He6qmUABvN2","xld29PJ6kkyoyHIZHh5dsWUACQ5t","uMHl8zjpwEu7vvP7Vr0DpWUAAiKd","CvhDaEdECUaF8zloaHR82WUAA6Vl","uDBTzem1zUytxNnXlqlka2UAJVor","qxcPhuW4Y0KYoIQkdkT4K2UAOCDg","bM_P7VqaL02vO9nZkgFh9mUALRdB","FPv7TgJWIEaXdxxPUK26S2UAIWdZ","XNYsk2kC0k-1ZqaAv8qI42UAKOMr","WouXW6EBIUOjyvCqbYiozWUALPpy","6AEkR3IXzkSwCQIcOsLggWUAKpEo","0G2Oe7bn_E6k6Z8W1vBVimUAJdat","fCML8wr7CUqRNUI5hfpZ9mUADIZY","1mgeu7y2oUqI6i-D8xtiTWUAO5iY","jPYRRI36IEitrSRi63KCHmUACzOD","08l91gU7O0G_rrDx-DPXnWUANnym","io0tba8E00GiOgkt2Cu7GWUAOl4_","RzrbQAgHAUyhX85LEgxUlWUALGWB","OIc-mZSF7U2rY24oMs0iM2UAD2ln","_G8HXel56Eeo_bazGOBlo2UAOh91","Eo8IXktjg0-fDJM2NJN2jmUAEpoG","Ne9LQbsq3EKoF7fLG0I9umUALfrd","qZvPO5tGy0a5PXsGFZLQA2UAEUKg","7mGFTZqPXkSdmAOOexRrV2UAAdGL","gmZQcUeIp0C2ovCBsXIuPWUACuhy","OnYOAmFB7064eQSoq1X9ZGUAOuvS","hu61B8vBrk2io9ygrehKcmUAF5N_","ucgAW0agV0O-Cd3h9E7cBWUAFKFN","h6_l2iz53kiGOfDVUWdImmUAN7ht","w56jPbCebUywDSRtTxxbCWUAL9gG","Rp2s7l5SaEeiAg_-19WPvWUAEWBi","TNQfgvGJxEexWTzL7AAfdmUADJIy","FUxzNN6dREC7e9Xc6CC3HWUAD_DF","2y0KvJOIdkqpbk36XhIL2mUAHMOd","d5WuALeut0KBu2Hh3LVUgGUAHgR1","sSndTElP8Eeadl38baVdRmUAHWKR","Adtau-dTmESvC7N0mwaSgWUAJ7Dh","3eTz641ZDkeZtroUCWmYaGUAC30T","UFhcr8Iv0kSfYmzvK1sLMmUAPDl6","8B4dwsUA3kG1kBo2djKoC2UAFDxl","BvBrbzdrUEmk91OXlQmbYmUAFLAp","2DD2AwcfAkOcDDN0ef9jm2UANllK","U1dKXb6C3kGvNLiqtg95UGUAJwZA","AQeaDtRRbkOLuMyg0hoUMmUABD16","uQHUlUPyaUqUmlkPOEzc4GUABj-K","GozapxFWX0W99rG8q9mlUWUAPQKB","VdB8arDnTk2QwRF6Sv9kumUAE5bb","vub5KS3Ef0S5hsxBN9Lo7WUANBzo","QcI2SJVd6k-_Zw2Na6H5XmUAAhV6","3wQdJpRvJk-8nkbdtq6HjmUABjUh","1y4kNJHx50iwd-58o_TT62UABaJz","Ak6Lbo92Y0COT9_QTtNtO2UAPEPB","eYpmoCNEZ0-m_fvzc-hm8WUAK_cx","6wp4G-rkMECiH0ed_K-UTmUAAZFK","lRprkZD-7UKkBDh5oKJgAWUAJatw","INOxUh59WEGBt9DidLphemUAN6fj","aD0CzT_qq0SfjZ6tqg8As2UAJ1Qs","Q-xNOUQDX0GjR0ohkB2BzmUAPwoy","164Ka3O6MkS0iYKkyRrbu2UABO0u","1cFrF8khLUOo2fPan6UpKGUANqbV","FcDHh1W2wki36Ize-SsDkWUAAM63","5uha5vt-FU6FusaW4VGAK2UAKQ_2","xGPmhM_wi0yaScNUA1tkNWUAJ5AP","QvyqoikeZkKR9pNtgdGcZmUADJ7M","bNhb1bfM9k6gyfiIu72uCGUAF3Lt","1F8k74IzgkWEbvDTE2oDh2UAHOI0","ltPoAM70ckihYVd6yqAIDWUAMIBX","EOX5P4tk2Uqeu7E_kdgVqWUAOmWG","9aFBbopTM0ODsIR2Kc1PXGUABcvi","TVT87j7a_UubMTqF7wrQuWUAIx02","r16dy6NSQ0qoqFi1vpjDTWUALjzA","ykU8IqV3tEe7mYAR4ARZP2UAKP2c","aBu8ZPCE80ub9xWJrnjaH2UAHCd3","h-1WrBlM9UqPvokgd058BWUAAKvB","Xj1F9luvBkGAcjHdttvXKmUAEgI1","s8GkhinBQ0CUorWVhMwCHGUANHJ1","A_8YamKV0UittEx9M6HG7mUAFSGO","Z4n8u2lur0KCRSLEqEVHHmUAAm1x","iTuZtej330OVJc_b6pIAzGUANWSU","NkE-YHU9VUKsN_3hhql4KmUAEKj8","byGli9zpYkKy4bC6thoHT2UAEqi6","BXb-cDKUUkW4517Y0uMsGGUALhxq","Tyy8rA4QY0y1DIxoYnmQ42UABAC7","HV297ooLrUiLl-jGB2LVB2UAMRcc","Y24l79mG50eeVdUKOJjlWWUAD6VS","dL4iRnauIkyKbS2RAk0pjGUAEO-e","37DU-rJyLUe8mbpaxXUjoGUAKJ5j","ak5rAVjUoUGR2ACty_Ox7GUAOpTF","eaQu3pTzOkC8FghIAAaP_WUALh9X","IL4QE0tmFEGxAypXaclaxmUACHmv","eMN6EbwQeEOMXF7ctNgvXmUAAAvL","uOs2SUy7A0Ox6q16jB0aiGUAJEy0","cDep_zoVYkW-lq601iPyzWUAPiE2","fxbFzTkx-kuBMvTjimZemWUAPvNS","hVm9HAfr9UibT-FArmnzVGUAMBbX","t9yASlqpMUiTbH29Ng8hc2UAIzej","TR1y3HhjBkCPGr9mYh_7QWUAJWCl","npvM0t9QpEmdgm2JA-N4wWUAEOrp","7eGiaxcZ2Eyo5S-lvN6weWUAAWyW","Tf-cy4e8s0SWMtsNvxoXxmUAH2Wd","XxafAzY6Ukmf-EvuIe65O2UACmjn","NdNnZquPoEa6Y06WfHMneWUAJhuA","UxZ67a-vo0yxXODkvDaNQmUABkYZ","KS4CPAR4kUS-L2P1z0IdIWUACvMX","2KuMqQQU-kGXboofe--45WUANUns","Sm3fUBLHZka6uBPSM2iaa2UABmSe","LrCBc86JqkKnu_nRQy9Ot2UAIkvD","G8U0MlkFLkWlpBGLSF_GAGUABANq","eqr0B8Z9MEGbgA8eud2SHWUAEp9N","IFzn1HuTGkmkW1hw-K1S02UAIpCN","4zOmsZtW3UeongAv5_twQWUAMjZo","RT_M1PDpjEOBrpvp25q31GUAMO_c","sTPwcZoO4Uuab5_U6A_X4GUABTul","O_OhduB5Fk2V9QmFZ-5jT2UABMmR","U9n7BBPW60iVOlbnp2qJhmUAOMb5","K1f52P-NpUeZ83z3MeNhUmUACRQY","Z_dk2enM5Eqr_-NmRdnlgWUALQ5k","9hAm3N4XUUeOsAul8EGNmGUAEcnn","NUre51u1YkKF8dHi9Js3CmUALGAZ","0l5_3gBzdUSkqtLpgogj_mUAMzVD","cab-cyCsHk6hvHao9jfg-mUAPlc_","oBPH8GBAlUOF6_8fK-rapmUAGspZ","DKnaLB47TkmhZC8ayvhxu2UANK4r"]}]}},"Apply_to_each_4":{"foreach":"@variables('Deletar')","actions":{"Condition":{"actions":{"Delete_a_task":{"type":"OpenApiConnection","inputs":{"parameters":{"id":"@items('Apply_to_each_4')"},"host":{"apiId":"/providers/Microsoft.PowerApps/apis/shared_planner","connectionName":"shared_planner","operationId":"DeleteTask"},"authentication":"@parameters('$authentication')"}}},"else":{"actions":{"Compose":{"type":"Compose","inputs":"@items('Apply_to_each_4')"}}},"expression":{"and":[{"equals":[1,1]}]},"type":"If"}},"runAfter":{"2_-_Em_Verificacao":["Succeeded"]},"type":"Foreach"}},"outputs":{},"description":""},"connectionReferences":{"shared_planner":{"connectionName":"shared-planner-730716c4-9087-4070-916d-babbfea095bb","source":"Embedded","id":"/providers/Microsoft.PowerApps/apis/shared_planner","tier":"NotSpecified","apiName":"planner","isProcessSimpleApiReferenceConversionAlreadyDone":false}},"flowFailureAlertSubscribed":false,"isManaged":false}}