{"name":"cf44e371-cb7e-46d5-ae7d-f8e11ad39d61","id":"/providers/Microsoft.Flow/flows/cf44e371-cb7e-46d5-ae7d-f8e11ad39d61","type":"Microsoft.Flow/flows","properties":{"apiId":"/providers/Microsoft.PowerApps/apis/shared_logicflows","displayName":"Sharepoint - Relatorio de Arquivos Deletados","definition":{"metadata":{"workflowEntityId":null,"processAdvisorMetadata":null,"flowChargedByPaygo":null,"migrationSourceId":"/subscriptions/550ae381-5b53-4371-a143-c401f4082a91/resourceGroups/6bd493a1286f4730995033029af22dde-default6bd493a1286f4730995033029af22dde-env/providers/Microsoft.Logic/workflows/cf44e371-cb7e-46d5-ae7d-f8e11ad39d61-azshadow","flowclientsuspensionreason":"None","flowclientsuspensiontime":null,"flowclientsuspensionreasondetails":null,"creator":{"id":"00cd8c8a-9e19-40a3-9418-d3899b01f667","type":"User","tenantId":"6bd493a1-286f-4730-9950-33029af22dde"},"provisioningMethod":"FromDefinition","failureAlertSubscription":true,"clientLastModifiedTime":"2025-05-30T16:47:37.4309651Z","connectionKeySavedTimeKey":"2025-05-30T16:47:37.4309651Z","creationSource":"Portal","modifiedSources":"Portal"},"$schema":"https://schema.management.azure.com/providers/Microsoft.Logic/schemas/2016-06-01/workflowdefinition.json#","contentVersion":"1.0.0.0","parameters":{"$authentication":{"defaultValue":{},"type":"SecureObject"},"$connections":{"defaultValue":{},"type":"Object"}},"triggers":{"Recurrence":{"recurrence":{"interval":1,"frequency":"Day","timeZone":"E. South America Standard Time","schedule":{"hours":["1"],"minutes":[0]}},"type":"Recurrence"}},"actions":{"Send_an_HTTP_request_to_SharePoint":{"runAfter":{},"type":"OpenApiConnection","inputs":{"parameters":{"dataset":"https://brassbrasilprojetos.sharepoint.com/sites/Sistemasdeutilidades","parameters/method":"GET","parameters/uri":"_api/web/RecycleBin?$orderby=DeletedDate desc&$top=5000\n","parameters/headers":{"Accept":"application/json;odata=nometadata","Content-Type":"application/json;odata=nometadata"}},"host":{"apiId":"/providers/Microsoft.PowerApps/apis/shared_sharepointonline","connectionName":"shared_sharepointonline","operationId":"HttpRequest"},"authentication":"@parameters('$authentication')"}},"Filter_array":{"runAfter":{"Parse_Deleted":["Succeeded"]},"type":"Query","inputs":{"from":"@body('Parse_Deleted')?['value']","where":"@and(\r\n  or(\r\n    greaterOrEquals(item()?['DeletedDate'], addDays(utcNow(), -1))\r\n  ),\r\n  not(\r\n    or(\r\n      endsWith(toLower(item()?['Title']), '.dwl'),\r\n      endsWith(toLower(item()?['Title']), '.log'),\r\n      endsWith(toLower(item()?['Title']), '.dwl2'),\r\n      endsWith(toLower(item()?['Title']), '.bak'),\r\n      endsWith(toLower(item()?['Title']), '.ini'),\r\n      endsWith(toLower(item()?['Title']), '.db'),\r\n      endsWith(toLower(item()?['Title']), '.out'),\r\n      endsWith(toLower(item()?['Title']), '.cdc')\r\n    )\r\n  )\r\n)"}},"Send_an_email_notification_(V3)":{"runAfter":{"Create_HTML_table":["Succeeded"]},"type":"OpenApiConnection","inputs":{"parameters":{"request/to":"dboliveira@brassbrasil.com.br","request/subject":"Daily Deleted Items Report – [Date]","request/text":"<p class=\"editor-paragraph\">@{body('Create_HTML_table')}</p><br><p class=\"editor-paragraph\"></p><br>"},"host":{"apiId":"/providers/Microsoft.PowerApps/apis/shared_sendmail","connectionName":"shared_sendmail","operationId":"SendEmailV3"},"authentication":"@parameters('$authentication')"}},"Create_HTML_table":{"runAfter":{"Filter_array":["Succeeded"]},"type":"Table","inputs":{"from":"@body('Filter_array')","format":"HTML","columns":[{"header":"DeletedByEmail","value":"@item()['DeletedByEmail']"},{"header":"DeletedDate","value":"@item()['DeletedDate']"},{"header":"DirName","value":"@item()['DirName']"},{"header":"Title","value":"@item()['Title']"}]}},"Parse_Deleted":{"runAfter":{"Send_an_HTTP_request_to_SharePoint":["Succeeded"]},"type":"ParseJson","inputs":{"content":"@outputs('Send_an_HTTP_request_to_SharePoint')?['body']","schema":{"type":"object","properties":{"value":{"type":"array","items":{"type":"object","properties":{"Id":{"type":"string"},"Title":{"type":"string"},"DeletedByName":{"type":"string"},"DeletedDate":{"type":"string","format":"date-time"}}}}}}}}},"outputs":{},"description":""},"connectionReferences":{"shared_sharepointonline":{"connectionName":"a3b65885fb254d30ab3c09c3bacef1ae","source":"Embedded","id":"/providers/Microsoft.PowerApps/apis/shared_sharepointonline","tier":"NotSpecified","apiName":"sharepointonline","isProcessSimpleApiReferenceConversionAlreadyDone":false},"shared_sendmail":{"connectionName":"shared-sendmail-6e30a269-4483-4d91-8a33-89b7a5353fb8","source":"Embedded","id":"/providers/Microsoft.PowerApps/apis/shared_sendmail","tier":"NotSpecified","apiName":"sendmail","isProcessSimpleApiReferenceConversionAlreadyDone":false}},"flowFailureAlertSubscribed":false,"isManaged":false}}