{"name":"b96701de-1d22-46ba-b86e-a0f22c1004ee","id":"/providers/Microsoft.Flow/flows/b96701de-1d22-46ba-b86e-a0f22c1004ee","type":"Microsoft.Flow/flows","properties":{"apiId":"/providers/Microsoft.PowerApps/apis/shared_logicflows","displayName":"Planner - Move Tarefas para Bucket","definition":{"metadata":{"workflowEntityId":null,"processAdvisorMetadata":null,"flowChargedByPaygo":null,"flowclientsuspensionreason":"None","flowclientsuspensiontime":null,"flowclientsuspensionreasondetails":null,"creator":{"id":"00cd8c8a-9e19-40a3-9418-d3899b01f667","type":"User","tenantId":"6bd493a1-286f-4730-9950-33029af22dde"},"provisioningMethod":"FromDefinition","failureAlertSubscription":true,"clientLastModifiedTime":"2024-10-25T12:26:46.1580692Z","connectionKeySavedTimeKey":"2024-10-25T12:26:46.1580692Z"},"$schema":"https://schema.management.azure.com/providers/Microsoft.Logic/schemas/2016-06-01/workflowdefinition.json#","contentVersion":"undefined","parameters":{"$authentication":{"defaultValue":{},"type":"SecureObject"},"$connections":{"defaultValue":{},"type":"Object"}},"triggers":{"Recurrence":{"recurrence":{"interval":1,"frequency":"Day","timeZone":"E. South America Standard Time","schedule":{"hours":["12"],"minutes":[0]}},"type":"Recurrence"}},"actions":{"Files":{"runAfter":{},"type":"InitializeVariable","inputs":{"variables":[{"name":"Files","type":"array","value":[{"File":"BdB200301-0120-V-FD0010","Bucket":"2 - Em Verificacao"},{"File":"BdB200305-0120-V-FD0011","Bucket":"2 - Em Verificacao"},{"File":"BdB201452-0000-V-ET0004","Bucket":"2 - Em Verificacao"},{"File":"BdB201452-0000-V-FE0001","Bucket":"2 - Em Verificacao"},{"File":"BdB201452-0000-V-FE0002","Bucket":"2 - Em Verificacao"},{"File":"BdB201452-0000-V-FE0003","Bucket":"2 - Em Verificacao"},{"File":"BdB201459-1920-V-FE0001","Bucket":"2 - Em Verificacao"},{"File":"BdB201459-1920-V-FE0005","Bucket":"2 - Em Verificacao"},{"File":"BdB220500-0000-V-ET0003","Bucket":"2 - Em Verificacao"},{"File":"BdB220500-0000-V-FD0011","Bucket":"2 - Em Verificacao"},{"File":"BdB200301-0120-V-EG0007","Bucket":"3 - Em Atendimento de Comentarios"},{"File":"BdB200301-0120-V-FD0001","Bucket":"3 - Em Atendimento de Comentarios"},{"File":"BdB200301-0120-V-FD0019","Bucket":"3 - Em Atendimento de Comentarios"},{"File":"BdB200301-0120-V-FE0005","Bucket":"3 - Em Atendimento de Comentarios"},{"File":"BdB201452-0000-V-FD0004","Bucket":"3 - Em Atendimento de Comentarios"},{"File":"BdB201452-0000-V-FD0006","Bucket":"3 - Em Atendimento de Comentarios"},{"File":"BdB201452-0000-V-MC0001","Bucket":"3 - Em Atendimento de Comentarios"},{"File":"BdB201459-1420-V-MC0001","Bucket":"3 - Em Atendimento de Comentarios"},{"File":"BdB201459-1420-V-MC0002","Bucket":"3 - Em Atendimento de Comentarios"},{"File":"BdB201459-1920-V-MC0001","Bucket":"3 - Em Atendimento de Comentarios"},{"File":"BdB201460-0000-V-CP0001","Bucket":"3 - Em Atendimento de Comentarios"},{"File":"BdB201460-0000-V-RL0001","Bucket":"3 - Em Atendimento de Comentarios"},{"File":"BdB201460-0000-V-RL0004","Bucket":"3 - Em Atendimento de Comentarios"},{"File":"BdB210113-0000-V-CP0001","Bucket":"3 - Em Atendimento de Comentarios"},{"File":"BdB210113-0000-V-ET0002","Bucket":"3 - Em Atendimento de Comentarios"},{"File":"BdB210113-0000-V-FD0001","Bucket":"3 - Em Atendimento de Comentarios"},{"File":"BdB210113-0000-V-FD0002","Bucket":"3 - Em Atendimento de Comentarios"},{"File":"BdB210113-0000-V-FD0003","Bucket":"3 - Em Atendimento de Comentarios"},{"File":"BdB210113-0000-V-FE0001","Bucket":"3 - Em Atendimento de Comentarios"},{"File":"BdB210113-0000-V-FE0002","Bucket":"3 - Em Atendimento de Comentarios"},{"File":"BdB210113-0000-V-MC0001","Bucket":"3 - Em Atendimento de Comentarios"},{"File":"BdB210113-0000-V-MC0002","Bucket":"3 - Em Atendimento de Comentarios"},{"File":"BdB210113-0000-V-MC0003","Bucket":"3 - Em Atendimento de Comentarios"},{"File":"BdB210113-0000-V-MC0004","Bucket":"3 - Em Atendimento de Comentarios"},{"File":"BdB200301-0120-V-MC0008","Bucket":"3 - Em Atendimento de Comentarios"},{"File":"BdB200301-0120-V-FE0008","Bucket":"3 - Em Atendimento de Comentarios"},{"File":"BdB200305-0120-V-FE0006","Bucket":"3 - Em Atendimento de Comentarios"},{"File":"BdB200305-0120-V-MC0002","Bucket":"3 - Em Atendimento de Comentarios"},{"File":"BdB211615-0000-V-FE0001","Bucket":"3 - Em Atendimento de Comentarios"},{"File":"BdB220500-0000-V-FE0005","Bucket":"3 - Em Atendimento de Comentarios"},{"File":"BdB200301-0120-V-FE0015","Bucket":"3 - Em Atendimento de Comentarios"},{"File":"BdB200301-0120-V-FE0016","Bucket":"3 - Em Atendimento de Comentarios"},{"File":"BdB200301-0120-V-MC0004","Bucket":"3 - Em Atendimento de Comentarios"},{"File":"BdB200305-0120-V-FD0016","Bucket":"3 - Em Atendimento de Comentarios"},{"File":"BdB200305-0120-V-MC0012","Bucket":"3 - Em Atendimento de Comentarios"},{"File":"BdB200305-0120-V-ET0001","Bucket":"3 - Em Atendimento de Comentarios"},{"File":"BdB200305-0120-V-FD0011","Bucket":"3 - Em Atendimento de Comentarios"},{"File":"BdB200305-0120-V-RT0002","Bucket":"3 - Em Atendimento de Comentarios"},{"File":"BdB200305-0120-V-FD0007","Bucket":"3 - Em Atendimento de Comentarios"},{"File":"BdB200305-0120-V-FD0013","Bucket":"3 - Em Atendimento de Comentarios"},{"File":"BdB200305-0120-V-MC0011","Bucket":"3 - Em Atendimento de Comentarios"},{"File":"BdB200305-0120-V-RT0010","Bucket":"3 - Em Atendimento de Comentarios"},{"File":"BdB200305-0120-V-FL0001","Bucket":"3 - Em Atendimento de Comentarios"},{"File":"BdB200305-0120-V-ET0014","Bucket":"3 - Em Atendimento de Comentarios"},{"File":"BdB200305-0120-V-RT0012","Bucket":"3 - Em Atendimento de Comentarios"},{"File":"BdB200301-0120-V-FP0001","Bucket":"3 - Em Atendimento de Comentarios"},{"File":"BdB220500-0000-M-LE0001","Bucket":"3 - Em Atendimento de Comentarios"},{"File":"BdB200305-0120-V-FD0014","Bucket":"3 - Em Atendimento de Comentarios"},{"File":"BdB200305-0120-V-MC0014","Bucket":"3 - Em Atendimento de Comentarios"},{"File":"BdB220500-0000-V-FD0008","Bucket":"3 - Em Atendimento de Comentarios"},{"File":"BdB220500-0000-V-RT0004","Bucket":"3 - Em Atendimento de Comentarios"},{"File":"BdB200301-0120-V-FE0006","Bucket":"3 - Em Atendimento de Comentarios"},{"File":"BdB200305-0120-V-MC0006","Bucket":"3 - Em Atendimento de Comentarios"},{"File":"BdB200301-0120-H-FE0001","Bucket":"3 - Em Atendimento de Comentarios"},{"File":"BdB210113-0000-V-CP0001","Bucket":"4 - Em Emissao"},{"File":"BdB200301-0117-H-FE0009","Bucket":"5 - Concluido"},{"File":"BdB200301-0117-H-RL0010","Bucket":"5 - Concluido"},{"File":"BdB200301-0117-H-RL0011","Bucket":"5 - Concluido"},{"File":"BdB200301-0117-I-FD0004","Bucket":"5 - Concluido"},{"File":"BdB200301-0117-I-FD0005","Bucket":"5 - Concluido"},{"File":"BdB200301-0117-I-FD0011","Bucket":"5 - Concluido"},{"File":"BdB200301-0117-Q-FE0002","Bucket":"5 - Concluido"},{"File":"BdB200301-0117-V-FD0008","Bucket":"5 - Concluido"},{"File":"BdB200301-0117-V-FD0020","Bucket":"5 - Concluido"},{"File":"BdB200301-0117-V-FP0001","Bucket":"5 - Concluido"},{"File":"BdB200301-0117-V-MC0006","Bucket":"5 - Concluido"},{"File":"BdB200301-0120-H-FE0005","Bucket":"5 - Concluido"},{"File":"BdB200301-0120-H-FE0015","Bucket":"5 - Concluido"},{"File":"BdB200301-0120-H-FE0017","Bucket":"5 - Concluido"},{"File":"BdB200301-0120-I-FD0002","Bucket":"5 - Concluido"},{"File":"BdB200301-0120-Q-FE0006","Bucket":"5 - Concluido"},{"File":"BdB200301-0120-V-FD0005","Bucket":"5 - Concluido"},{"File":"BdB200301-0120-V-FD0012","Bucket":"5 - Concluido"},{"File":"BdB200301-0120-V-FE0004","Bucket":"5 - Concluido"},{"File":"BdB200301-0120-V-FE0012","Bucket":"5 - Concluido"},{"File":"BdB200301-0120-V-MC0001","Bucket":"5 - Concluido"},{"File":"BdB200301-0120-V-MC0015","Bucket":"5 - Concluido"},{"File":"BdB200302-0117-V-FD0002","Bucket":"5 - Concluido"},{"File":"BdB200302-0117-V-FD0003","Bucket":"5 - Concluido"},{"File":"BdB200302-0117-V-FD0006","Bucket":"5 - Concluido"},{"File":"BdB201431-0000-V-FE0002","Bucket":"5 - Concluido"},{"File":"BdB201431-0000-V-MC0002","Bucket":"5 - Concluido"},{"File":"BdB201431-0000-V-MC0007","Bucket":"5 - Concluido"},{"File":"BdB201431-0000-V-RL0001","Bucket":"5 - Concluido"},{"File":"BdB201451-0000-Q-FD0001","Bucket":"5 - Concluido"},{"File":"BdB201451-0000-Q-FD0002","Bucket":"5 - Concluido"},{"File":"BdB201451-0000-V-FE0006","Bucket":"5 - Concluido"},{"File":"BdB201451-0000-V-FE0008","Bucket":"5 - Concluido"},{"File":"BdB201451-0000-Q-FD0003","Bucket":"5 - Concluido"},{"File":"BdB201451-0000-V-MC0002","Bucket":"5 - Concluido"},{"File":"BdB201452-0000-H-FE0003","Bucket":"5 - Concluido"},{"File":"BdB201452-0000-H-FE0004","Bucket":"5 - Concluido"},{"File":"BdB201452-0000-H-FP0001","Bucket":"5 - Concluido"},{"File":"BdB201452-0000-H-RL0000","Bucket":"5 - Concluido"},{"File":"BdB201452-0000-H-RL0001","Bucket":"5 - Concluido"},{"File":"BdB201452-0000-H-RL0005","Bucket":"5 - Concluido"},{"File":"BdB201452-0000-I-FD0005","Bucket":"5 - Concluido"},{"File":"BdB201452-0000-I-FD0006","Bucket":"5 - Concluido"},{"File":"BdB201452-0000-I-FD0007","Bucket":"5 - Concluido"},{"File":"BdB201452-0000-I-FD0011","Bucket":"5 - Concluido"},{"File":"BdB201452-0000-L-CP0001","Bucket":"5 - Concluido"},{"File":"BdB201452-0000-L-DE0001","Bucket":"5 - Concluido"},{"File":"BdB201452-0000-L-DE0021","Bucket":"5 - Concluido"},{"File":"BdB201452-0000-L-DE0022","Bucket":"5 - Concluido"},{"File":"BdB201452-0000-M-AJ0001","Bucket":"5 - Concluido"},{"File":"BdB201452-0000-M-AJ0002","Bucket":"5 - Concluido"},{"File":"BdB201452-0000-M-AJ0004","Bucket":"5 - Concluido"},{"File":"BdB201452-0000-M-AJ0005","Bucket":"5 - Concluido"},{"File":"BdB201452-0000-M-AJ0006","Bucket":"5 - Concluido"},{"File":"BdB201452-0000-M-AJ0007","Bucket":"5 - Concluido"},{"File":"BdB201452-0000-M-AJ0012","Bucket":"5 - Concluido"},{"File":"BdB201452-0000-M-AJ0013","Bucket":"5 - Concluido"},{"File":"BdB201452-0000-M-LE0001","Bucket":"5 - Concluido"},{"File":"BdB201452-0000-V-ET0001","Bucket":"5 - Concluido"},{"File":"BdB201452-0000-V-ET0002","Bucket":"5 - Concluido"},{"File":"BdB201452-0000-V-ET0003","Bucket":"5 - Concluido"},{"File":"BdB201452-0000-V-ET0005","Bucket":"5 - Concluido"},{"File":"BdB201452-0000-V-FD0001","Bucket":"5 - Concluido"},{"File":"BdB201452-0000-V-FD0002","Bucket":"5 - Concluido"},{"File":"BdB201452-0000-V-FD0003","Bucket":"5 - Concluido"},{"File":"BdB201452-0000-V-FD0005","Bucket":"5 - Concluido"},{"File":"BdB201452-0000-V-FD0007","Bucket":"5 - Concluido"},{"File":"BdB201452-0000-V-FD0008","Bucket":"5 - Concluido"},{"File":"BdB201452-0000-V-FD0009","Bucket":"5 - Concluido"},{"File":"BdB201452-0000-V-FD0010","Bucket":"5 - Concluido"},{"File":"BdB201452-0000-V-LL0001","Bucket":"5 - Concluido"},{"File":"BdB201452-0000-V-MO0001","Bucket":"5 - Concluido"},{"File":"BdB201454-0000-L-ET0001","Bucket":"5 - Concluido"},{"File":"BdB201459-0000-V-RL0001","Bucket":"5 - Concluido"},{"File":"BdB201459-1000-A-CP0001","Bucket":"5 - Concluido"},{"File":"BdB201459-1000-L-CP0001","Bucket":"5 - Concluido"},{"File":"BdB201459-1000-Q-CP0001","Bucket":"5 - Concluido"},{"File":"BdB201459-1000-Q-FE0001","Bucket":"5 - Concluido"},{"File":"BdB201459-1000-Q-FE0002","Bucket":"5 - Concluido"},{"File":"BdB201459-1000-Q-RL0001","Bucket":"5 - Concluido"},{"File":"BdB201459-1000-V-RL0001","Bucket":"5 - Concluido"},{"File":"BdB201459-1000-V-RL0002","Bucket":"5 - Concluido"},{"File":"BdB201459-1200-Q-FE0001","Bucket":"5 - Concluido"},{"File":"BdB201459-1200-Q-FE0002","Bucket":"5 - Concluido"},{"File":"BdB201459-1200-Q-FP0001","Bucket":"5 - Concluido"},{"File":"BdB201459-1260-Q-FE0006","Bucket":"5 - Concluido"},{"File":"BdB201459-1412-Q-FE0003","Bucket":"5 - Concluido"},{"File":"BdB201459-1412-Q-FE0004","Bucket":"5 - Concluido"},{"File":"BdB201459-1412-Q-FE0005","Bucket":"5 - Concluido"},{"File":"BdB201459-1412-Q-FP0003","Bucket":"5 - Concluido"},{"File":"BdB201459-1412-Q-MC0002","Bucket":"5 - Concluido"},{"File":"BdB201459-1412-Q-MC0003","Bucket":"5 - Concluido"},{"File":"BdB201459-1412-Q-MC0004","Bucket":"5 - Concluido"},{"File":"BdB201459-1420-Q-FE0001","Bucket":"5 - Concluido"},{"File":"BdB201459-1420-Q-FP0002","Bucket":"5 - Concluido"},{"File":"BdB201459-1420-Q-MC0005","Bucket":"5 - Concluido"},{"File":"BdB201459-1920-V-CP0001","Bucket":"5 - Concluido"},{"File":"BdB201459-1920-V-DB0002","Bucket":"5 - Concluido"},{"File":"BdB201459-1920-V-MC0002","Bucket":"5 - Concluido"},{"File":"BdB201459-1920-V-MC0003","Bucket":"5 - Concluido"},{"File":"BdB201460-0000-V-FE0022","Bucket":"5 - Concluido"},{"File":"BdB201460-0000-V-FE0023","Bucket":"5 - Concluido"},{"File":"BdB201460-0000-V-FE0086","Bucket":"5 - Concluido"},{"File":"BdB210109-0000-V-FD0002","Bucket":"5 - Concluido"},{"File":"BdB210112-0000-V-MC0001","Bucket":"5 - Concluido"},{"File":"BdB210113-0000-H-FE0001","Bucket":"5 - Concluido"},{"File":"BdB210113-0000-H-FE0002","Bucket":"5 - Concluido"},{"File":"BdB210113-0000-H-FE0003","Bucket":"5 - Concluido"},{"File":"BdB210113-0000-H-FE0004","Bucket":"5 - Concluido"},{"File":"BdB210113-0000-H-FE0005","Bucket":"5 - Concluido"},{"File":"BdB210113-0000-H-FE0006","Bucket":"5 - Concluido"},{"File":"BdB210113-0000-H-RL0001","Bucket":"5 - Concluido"},{"File":"BdB210113-0000-H-RL0002","Bucket":"5 - Concluido"},{"File":"BdB210113-0000-H-RL0004","Bucket":"5 - Concluido"},{"File":"BdB210113-0000-I-LI0001","Bucket":"5 - Concluido"},{"File":"BdB210113-0000-L-CP0001","Bucket":"5 - Concluido"},{"File":"BdB210113-0000-L-ET0001","Bucket":"5 - Concluido"},{"File":"BdB210113-0000-M-LE0001","Bucket":"5 - Concluido"},{"File":"BdB210113-0000-V-ET0001","Bucket":"5 - Concluido"},{"File":"BdB210113-0000-V-FE0004","Bucket":"5 - Concluido"},{"File":"BdB210113-0000-V-FE0005","Bucket":"5 - Concluido"},{"File":"BdB210113-0000-V-RL0001","Bucket":"5 - Concluido"},{"File":"BdB211804-0000-V-FD0007","Bucket":"5 - Concluido"},{"File":"BdB211804-0000-V-FD0008","Bucket":"5 - Concluido"},{"File":"BdB211806-2000-V-PT0002","Bucket":"5 - Concluido"},{"File":"BdB211806-2000-V-PT0003","Bucket":"5 - Concluido"},{"File":"BdB211806-2000-V-PT0005","Bucket":"5 - Concluido"},{"File":"BdB220500-0000-A-CP0001","Bucket":"5 - Concluido"},{"File":"BdB220500-0000-L-DE0020","Bucket":"5 - Concluido"},{"File":"BdB220500-0000-L-DE0021","Bucket":"5 - Concluido"},{"File":"BdB220500-0000-L-DE0022","Bucket":"5 - Concluido"},{"File":"BdB220500-0000-L-DE0023","Bucket":"5 - Concluido"},{"File":"BdB220500-0000-L-DE0024","Bucket":"5 - Concluido"},{"File":"BdB220500-0000-L-DE0052","Bucket":"5 - Concluido"},{"File":"BdB220500-0000-L-DE0053","Bucket":"5 - Concluido"},{"File":"BdB220500-0000-L-DE0054","Bucket":"5 - Concluido"},{"File":"BdB220500-0000-L-DE0055","Bucket":"5 - Concluido"},{"File":"BdB220500-0000-L-DE0057","Bucket":"5 - Concluido"},{"File":"BdB220500-0000-L-DE0118","Bucket":"5 - Concluido"},{"File":"BdB220500-0000-L-DE0125","Bucket":"5 - Concluido"},{"File":"BdB220500-0000-L-DE0139","Bucket":"5 - Concluido"},{"File":"BdB220500-0000-L-DE0237","Bucket":"5 - Concluido"},{"File":"BdB220500-0000-L-DE0238","Bucket":"5 - Concluido"},{"File":"BdB220500-0000-Q-FD0006","Bucket":"5 - Concluido"},{"File":"BdB220500-0000-V-FD0003","Bucket":"5 - Concluido"},{"File":"BdB220500-0000-V-FD0004","Bucket":"5 - Concluido"},{"File":"BdB220500-0000-V-FD0006","Bucket":"5 - Concluido"},{"File":"BdB220500-0000-V-FE0002","Bucket":"5 - Concluido"},{"File":"BdB220500-0000-V-FE0008","Bucket":"5 - Concluido"},{"File":"BdB220500-0000-V-RT0001","Bucket":"5 - Concluido"},{"File":"BdB220500-0000-V-RT0002","Bucket":"5 - Concluido"},{"File":"BdB240101-0000-G-MD0001","Bucket":"5 - Concluido"},{"File":"BdB240101-0000-H-FE0003","Bucket":"5 - Concluido"},{"File":"BdB240101-0000-L-DE0005","Bucket":"5 - Concluido"},{"File":"BdB240101-0000-L-DE0006","Bucket":"5 - Concluido"},{"File":"BdB240101-0000-M-LE0001","Bucket":"5 - Concluido"},{"File":"BdB240101-0000-V-CP0001","Bucket":"5 - Concluido"},{"File":"BdB240101-0000-V-DB0001","Bucket":"5 - Concluido"},{"File":"BdB240101-0000-V-DB0002","Bucket":"5 - Concluido"},{"File":"BdB240101-0000-V-FE0001","Bucket":"5 - Concluido"},{"File":"BdB240101-0000-V-FE0002","Bucket":"5 - Concluido"},{"File":"BdB240101-0000-V-FE0003","Bucket":"5 - Concluido"},{"File":"BdB240101-0000-V-FE0004","Bucket":"5 - Concluido"},{"File":"BdB240101-0000-V-LT0001","Bucket":"5 - Concluido"},{"File":"BdB240101-0000-V-MC0001","Bucket":"5 - Concluido"},{"File":"BdB240101-0000-V-RL0001","Bucket":"5 - Concluido"},{"File":"BdB240102-0000-G-MD0001","Bucket":"5 - Concluido"},{"File":"BdB240102-0000-H-FP0001","Bucket":"5 - Concluido"},{"File":"BdB240102-0000-L-CP0001","Bucket":"5 - Concluido"},{"File":"BdB240102-0000-Q-FE0001","Bucket":"5 - Concluido"},{"File":"BdB240102-0000-Q-FE0002","Bucket":"5 - Concluido"},{"File":"BdB240102-0000-Q-FE0003","Bucket":"5 - Concluido"},{"File":"BdB240102-0000-Q-FE0004","Bucket":"5 - Concluido"},{"File":"BdB240102-0000-Q-FE0005","Bucket":"5 - Concluido"},{"File":"BdB240102-0000-Q-FE0006","Bucket":"5 - Concluido"},{"File":"BdB240102-0000-Q-FE0007","Bucket":"5 - Concluido"},{"File":"BdB240102-0000-Q-FP0009","Bucket":"5 - Concluido"},{"File":"BdB240102-0000-V-CP0001","Bucket":"5 - Concluido"},{"File":"BdB240102-0000-V-DB0001","Bucket":"5 - Concluido"},{"File":"BdB240102-0000-V-DB0002","Bucket":"5 - Concluido"},{"File":"BdB240102-0000-V-DB0003","Bucket":"5 - Concluido"},{"File":"BdB240102-0000-V-FE0001","Bucket":"5 - Concluido"},{"File":"BdB240102-0000-V-FE0002","Bucket":"5 - Concluido"},{"File":"BdB240102-0000-V-FE0003","Bucket":"5 - Concluido"},{"File":"BdB240102-0000-V-FE0004","Bucket":"5 - Concluido"},{"File":"BdB240102-0000-V-FE0005","Bucket":"5 - Concluido"},{"File":"BdB240102-0000-V-FE0006","Bucket":"5 - Concluido"},{"File":"BdB240102-0000-V-MC0001","Bucket":"5 - Concluido"},{"File":"BdB240300-0000-V-CP0001","Bucket":"5 - Concluido"}]}]}},"Identifica_ou_Cria_o_Bucket-copy":{"actions":{"Verifica_se_o_Bucket_Existe_e_Salva_o_ID":{"foreach":"@outputs('List_buckets')?['body/value']","actions":{"Compose_Bucket2Id":{"type":"Compose","inputs":"@addProperty(variables('Bucket2Id'), item()?['name'], item()?['id'])"},"Set_Bucket2Id":{"runAfter":{"Compose_Bucket2Id":["Succeeded"]},"type":"SetVariable","inputs":{"name":"Bucket2Id","value":"@outputs('Compose_Bucket2Id')"}},"Compose_Id2Bucket":{"runAfter":{"Set_Bucket2Id":["Succeeded"]},"type":"Compose","inputs":"@addProperty(variables('Id2Bucket'), item()?['id'], item()?['name'])"},"Set_Id2Bucket":{"runAfter":{"Compose_Id2Bucket":["Succeeded"]},"type":"SetVariable","inputs":{"name":"Id2Bucket","value":"@outputs('Compose_Id2Bucket')"}}},"runAfter":{"List_buckets":["Succeeded"]},"metadata":{"operationMetadataId":"488cd23b-dcd5-4fcb-afbf-3de69d257206"},"type":"Foreach"},"List_buckets":{"type":"OpenApiConnection","inputs":{"parameters":{"groupId":"7d544d4a-42eb-4bb3-8531-37505cb0cb4a","id":"FwhsbC81F0KVV7TWQajqaWUAFn05"},"host":{"apiId":"/providers/Microsoft.PowerApps/apis/shared_planner","connectionName":"shared_planner","operationId":"ListBuckets_V3"},"authentication":"@parameters('$authentication')"}}},"runAfter":{"Id2Bucket":["Succeeded"]},"metadata":{"operationMetadataId":"af212331-f63c-45a2-b2b9-9460d8fb09e4"},"type":"Scope"},"FolderBucketId":{"runAfter":{"FolderBucketName":["Succeeded"]},"type":"InitializeVariable","inputs":{"variables":[{"name":"FolderBucketId","type":"string"}]}},"Bucket2Id":{"runAfter":{"PlannerBucketId":["Succeeded"]},"type":"InitializeVariable","inputs":{"variables":[{"name":"Bucket2Id","type":"object","value":{}}]}},"Id2Bucket":{"runAfter":{"Bucket2Id":["Succeeded"]},"type":"InitializeVariable","inputs":{"variables":[{"name":"Id2Bucket","type":"object","value":{}}]}},"PlannerBucketId":{"runAfter":{"PlannerBucketName":["Succeeded"]},"type":"InitializeVariable","inputs":{"variables":[{"name":"PlannerBucketId","type":"string"}]}},"PlannerBucketName":{"runAfter":{"FolderBucketId":["Succeeded"]},"type":"InitializeVariable","inputs":{"variables":[{"name":"PlannerBucketName","type":"string"}]}},"FolderBucketName":{"runAfter":{"TarefasCriadas-Tabela":["Succeeded"]},"type":"InitializeVariable","inputs":{"variables":[{"name":"FolderBucketName","type":"string"}]}},"Modify_Tasks":{"actions":{"For_each":{"foreach":"@outputs('List_tasks')?['body/value']","actions":{"Condition":{"actions":{"Set_FolderBucketId":{"runAfter":{"Set_FolderBucketName":["Succeeded"]},"type":"SetVariable","inputs":{"name":"FolderBucketId","value":"@variables('Bucket2Id')[variables('FolderBucketName')]"}},"Compose_2":{"runAfter":{"Set_FolderBucketId":["Succeeded"]},"type":"Compose","inputs":{"title":"@items('For_each')['title']","Taskid":"@items('For_each')['id']","BucketName":"@variables('FolderBucketName')","BucketId":"@variables('FolderBucketId')"}},"Condition_1":{"actions":{"Update_a_task_(V2)":{"type":"OpenApiConnection","inputs":{"parameters":{"id":"@items('For_each')['id']","body/percentComplete":100,"body/bucketId":"@variables('FolderBucketId')","body/appliedCategories/category4":true},"host":{"apiId":"/providers/Microsoft.PowerApps/apis/shared_planner","connectionName":"shared_planner","operationId":"UpdateTask_V3"},"authentication":"@parameters('$authentication')"}}},"runAfter":{"Compose_2":["Succeeded"]},"else":{"actions":{"Update_a_task_(V2)-copy":{"type":"OpenApiConnection","inputs":{"parameters":{"id":"@items('For_each')['id']","body/percentComplete":50,"body/bucketId":"@variables('FolderBucketId')"},"host":{"apiId":"/providers/Microsoft.PowerApps/apis/shared_planner","connectionName":"shared_planner","operationId":"UpdateTask_V3"},"authentication":"@parameters('$authentication')"}}}},"expression":{"and":[{"equals":["@variables('FolderBucketName')","5 - Concluido"]}]},"type":"If"},"Condition_2":{"actions":{"Append_to_array_-_TarefasModificadas-Tabela":{"type":"AppendToArrayVariable","inputs":{"name":"TarefasModificadas-Tabela","value":{"Nome da Tarefa":"@items('For_each')['title']","Bucket Antigo":"@variables('PlannerBucketName')","Bucket Novo":"@variables('FolderBucketName')"}}}},"runAfter":{"Condition_1":["Succeeded"]},"else":{"actions":{}},"expression":{"and":[{"not":{"equals":["@variables('FolderBucketName')","@variables('PlannerBucketName')"]}}]},"type":"If"},"Set_PlannerBucketName":{"type":"SetVariable","inputs":{"name":"PlannerBucketName","value":"@variables('Id2Bucket')[item()?['bucketId']]"}},"Set_PlannerBucketId":{"runAfter":{"Set_PlannerBucketName":["Succeeded"]},"type":"SetVariable","inputs":{"name":"FolderBucketId","value":"@variables('Bucket2Id')[variables('PlannerBucketName')]"}},"Set_FolderBucketName":{"runAfter":{"Set_PlannerBucketId":["Succeeded"]},"type":"SetVariable","inputs":{"name":"FolderBucketName","value":"@variables('FilesToBucket')[item()?['title']]"}}},"else":{"actions":{}},"expression":{"and":[{"contains":["@string(variables('Files'))","@item()?['title']"]}]},"type":"If"}},"runAfter":{"List_tasks":["Succeeded"]},"type":"Foreach"},"List_tasks":{"type":"OpenApiConnection","inputs":{"parameters":{"groupId":"7d544d4a-42eb-4bb3-8531-37505cb0cb4a","id":"FwhsbC81F0KVV7TWQajqaWUAFn05"},"host":{"apiId":"/providers/Microsoft.PowerApps/apis/shared_planner","connectionName":"shared_planner","operationId":"ListTasks_V3"},"authentication":"@parameters('$authentication')"},"runtimeConfiguration":{"paginationPolicy":{"minimumItemCount":1000}}}},"runAfter":{"Create_Tasks_If_not_Exists":["Succeeded"]},"type":"Scope"},"Create_Tasks_If_not_Exists":{"actions":{"Apply_to_each":{"foreach":"@variables('Files')","actions":{"Condition_3":{"actions":{"Create_a_task-copy":{"runAfter":{"Set_FolderBucketId-copy":["Succeeded"]},"metadata":{"operationMetadataId":"0335b618-f3c5-49cb-b910-f271e4c207e9"},"type":"OpenApiConnection","inputs":{"parameters":{"body/groupId":"7d544d4a-42eb-4bb3-8531-37505cb0cb4a","body/planId":"FwhsbC81F0KVV7TWQajqaWUAFn05","body/title":"@items('Apply_to_each')['File']","body/bucketId":"@variables('FolderBucketId')"},"host":{"apiId":"/providers/Microsoft.PowerApps/apis/shared_planner","connectionName":"shared_planner","operationId":"CreateTask_V4"},"authentication":"@parameters('$authentication')"}},"Set_FolderBucketName-copy":{"type":"SetVariable","inputs":{"name":"FolderBucketName","value":"@items('Apply_to_each')['Bucket']"}},"Set_FolderBucketId-copy":{"runAfter":{"Set_FolderBucketName-copy":["Succeeded"]},"type":"SetVariable","inputs":{"name":"FolderBucketId","value":"@variables('Bucket2Id')[variables('FolderBucketName')]"}},"Append_to_array_-_TarefasCriadas-Tabela":{"runAfter":{"Create_a_task-copy":["Succeeded"]},"type":"AppendToArrayVariable","inputs":{"name":"TarefasCriadas-Tabela","value":{"Nome da Tarefa":"@items('Apply_to_each')['File']","Bucket Novo":"@variables('FolderBucketName')"}}}},"runAfter":{"Filter_array":["Succeeded"]},"else":{"actions":{}},"expression":{"and":[{"equals":["@length(body('Filter_array'))",0]}]},"type":"If"},"Filter_array":{"type":"Query","inputs":{"from":"@outputs('List_tasks-copy')?['body/value']","where":"@equals(item()?['title'],items('Apply_to_each')['File'])"}}},"runAfter":{"List_tasks-copy":["Succeeded"]},"type":"Foreach"},"List_tasks-copy":{"type":"OpenApiConnection","inputs":{"parameters":{"groupId":"7d544d4a-42eb-4bb3-8531-37505cb0cb4a","id":"FwhsbC81F0KVV7TWQajqaWUAFn05"},"host":{"apiId":"/providers/Microsoft.PowerApps/apis/shared_planner","connectionName":"shared_planner","operationId":"ListTasks_V3"},"authentication":"@parameters('$authentication')"},"runtimeConfiguration":{"paginationPolicy":{"minimumItemCount":1000}}}},"runAfter":{"Identifica_ou_Cria_o_Bucket-copy":["Succeeded"]},"type":"Scope"},"TarefasModificadas-Tabela":{"runAfter":{"FilesToBucket":["Succeeded"]},"type":"InitializeVariable","inputs":{"variables":[{"name":"TarefasModificadas-Tabela","type":"array"}]}},"TarefasCriadas-Tabela":{"runAfter":{"TarefasModificadas-Tabela":["Succeeded"]},"type":"InitializeVariable","inputs":{"variables":[{"name":"TarefasCriadas-Tabela","type":"array"}]}},"Notifica_Tarefas_Modificadas-copy":{"actions":{"Condition_5":{"actions":{"Post_message_in_a_chat_or_channel":{"runAfter":{"Create_HTML_table":["Succeeded"]},"type":"OpenApiConnection","inputs":{"parameters":{"poster":"Flow bot","location":"Chat with Flow bot","body/recipient":"dboliveira@brassbrasil.com.br","body/messageBody":"<p class=\"editor-paragraph\">Resumo das datas que foram modificadas na última iteração.</p><br><p class=\"editor-paragraph\">@{body('Create_HTML_table')}</p><p class=\"editor-paragraph\"><br><small>Mensagem enviada em @{utcNow()}.</small></p>"},"host":{"apiId":"/providers/Microsoft.PowerApps/apis/shared_teams","connectionName":"shared_teams-1","operationId":"PostMessageToConversation"},"authentication":"@parameters('$authentication')"}},"Create_HTML_table":{"type":"Table","inputs":{"from":"@variables('TarefasModificadas-Tabela')","format":"HTML"}}},"else":{"actions":{}},"expression":{"and":[{"equals":["@empty(variables('TarefasModificadas-Tabela'))","@false"]}]},"type":"If"}},"runAfter":{"Modify_Tasks":["Succeeded"]},"type":"Scope"},"Notifica_Tarefas_Criadas-copy":{"actions":{"Condition_6":{"actions":{"Post_message_in_a_chat_or_channel_2":{"runAfter":{"Create_HTML_table-copy":["Succeeded"]},"metadata":{"operationMetadataId":"8d2ef47e-0055-45d3-bea4-d857ae615aca"},"type":"OpenApiConnection","inputs":{"parameters":{"poster":"Flow bot","location":"Chat with Flow bot","body/recipient":"dboliveira@brassbrasil.com.br","body/messageBody":"<p class=\"editor-paragraph\">Resumo das tarefas que foram criadas na última iteração.</p><br><p class=\"editor-paragraph\">@{body('Create_HTML_table-copy')}</p><br><p class=\"editor-paragraph\"><small>Mensagem enviada em @{utcNow()}.</small></p>"},"host":{"apiId":"/providers/Microsoft.PowerApps/apis/shared_teams","connectionName":"shared_teams","operationId":"PostMessageToConversation"},"authentication":"@parameters('$authentication')"}},"Create_HTML_table-copy":{"type":"Table","inputs":{"from":"@variables('TarefasCriadas-Tabela')","format":"HTML"}}},"else":{"actions":{}},"expression":{"and":[{"equals":["@empty(variables('TarefasCriadas-Tabela'))","@false"]}]},"type":"If"}},"runAfter":{"Modify_Tasks":["Succeeded"]},"type":"Scope"},"FilesToBucket-Temp":{"runAfter":{"Files":["Succeeded"]},"type":"InitializeVariable","inputs":{"variables":[{"name":"FilesToBucket-Temp","type":"string"}]}},"Apply_to_each_1":{"foreach":"@variables('Files')","actions":{"Append_to_string_variable":{"type":"AppendToStringVariable","inputs":{"name":"FilesToBucket-Temp","value":"\"@{items('Apply_to_each_1')['File']}\": \"@{items('Apply_to_each_1')['Bucket']}\","}}},"runAfter":{"FilesToBucket-Temp":["Succeeded"]},"type":"Foreach"},"FilesToBucket":{"runAfter":{"Apply_to_each_1":["Succeeded"]},"type":"InitializeVariable","inputs":{"variables":[{"name":"FilesToBucket","type":"object","value":"@\r\njson(\r\n\tconcat(\r\n\t\t'{',\r\n\t\tsubstring(\r\n\t\t\tvariables('FilesToBucket-Temp'),\r\n\t\t\t0,\r\n\t\t\tsub(length(variables('FilesToBucket-Temp')), 1)\r\n\t\t),\r\n\t\t'}'\r\n\t)\r\n)"}]}}},"description":"Fluxo para mover tarefas para os buckets corretos de acordo com a localização dos arquivos nas pasta de desenvolvimento do projeto (\"1 - Em Desenvolvimento\", \"2 - Em Verificacao\", \"3 - Em Atendimento de Comentarios\", \"4 - Em Emissao\" e \"5 - Concluido\")."},"connectionReferences":{"shared_planner":{"connectionName":"shared-planner-730716c4-9087-4070-916d-babbfea095bb","source":"Embedded","id":"/providers/Microsoft.PowerApps/apis/shared_planner","tier":"NotSpecified"},"shared_teams-1":{"connectionName":"shared-teams-9182cfc2-fd46-4cb0-8c5a-3d7909fc680e","source":"Embedded","id":"/providers/Microsoft.PowerApps/apis/shared_teams","tier":"NotSpecified"},"shared_teams":{"connectionName":"shared-teams-d5ebffcb-3b47-49ff-a9e5-38d623286ebf","source":"Embedded","id":"/providers/Microsoft.PowerApps/apis/shared_teams","tier":"NotSpecified"}},"flowFailureAlertSubscribed":false,"isManaged":false}}