{"name":"6d30ba41-713d-4078-8a30-81bbc31ef28a","id":"/providers/Microsoft.Flow/flows/6d30ba41-713d-4078-8a30-81bbc31ef28a","type":"Microsoft.Flow/flows","properties":{"apiId":"/providers/Microsoft.PowerApps/apis/shared_logicflows","displayName":"Sharepoint - Deleted File","definition":{"metadata":{"workflowEntityId":null,"processAdvisorMetadata":null,"flowChargedByPaygo":null,"flowclientsuspensionreason":"None","flowclientsuspensiontime":null,"flowclientsuspensionreasondetails":null,"creator":{"id":"00cd8c8a-9e19-40a3-9418-d3899b01f667","type":"User","tenantId":"6bd493a1-286f-4730-9950-33029af22dde"},"provisioningMethod":"FromDefinition","failureAlertSubscription":true,"clientLastModifiedTime":"2025-06-16T21:02:15.0686955Z","connectionKeySavedTimeKey":"2025-06-16T21:02:15.0686955Z","creationSource":"Portal","modifiedSources":"Portal"},"$schema":"https://schema.management.azure.com/providers/Microsoft.Logic/schemas/2016-06-01/workflowdefinition.json#","contentVersion":"1.0.0.0","parameters":{"$authentication":{"defaultValue":{},"type":"SecureObject"},"$connections":{"defaultValue":{},"type":"Object"}},"triggers":{"When_a_file_is_deleted":{"recurrence":{"frequency":"Minute","interval":1},"splitOn":"@triggerOutputs()?['body/value']","type":"OpenApiConnection","inputs":{"parameters":{"dataset":"https://brassbrasilprojetos.sharepoint.com/sites/Sistemasdeutilidades","table":"a9e7905f-b7ce-49e5-8aa5-481696994a8e"},"host":{"apiId":"/providers/Microsoft.PowerApps/apis/shared_sharepointonline","connectionName":"shared_sharepointonline","operationId":"GetOnDeletedFileItems"},"authentication":"@parameters('$authentication')"}}},"actions":{"Compose":{"runAfter":{"FileExtension":["Succeeded"]},"type":"Compose","inputs":"@variables('FileExtension')"},"FileExtension":{"runAfter":{},"type":"InitializeVariable","inputs":{"variables":[{"name":"FileExtension","type":"string","value":"@toLower(last(split(triggerOutputs()?['body/FileNameWithExtension'], '.')))"}]}},"Condition":{"actions":{"Send_an_email_notification_(V3)":{"runAfter":{"TableBorder":["Succeeded"]},"type":"OpenApiConnection","inputs":{"parameters":{"request/to":"dboliveira@brassbrasil.com.br","request/subject":"Item Deleted @{triggerOutputs()?['body/ID']} Name @{triggerOutputs()?['body/Name']}","request/text":"<p class=\"editor-paragraph\">@{outputs('TableBorder')}</p>"},"host":{"apiId":"/providers/Microsoft.PowerApps/apis/shared_sendmail","connectionName":"shared_sendmail","operationId":"SendEmailV3"},"authentication":"@parameters('$authentication')"}},"Create_HTML_table":{"runAfter":{"Compose_1":["Succeeded"]},"type":"Table","inputs":{"from":"@outputs('Compose_1')","format":"HTML"}},"Compose_1":{"runAfter":{"Parse_JSON":["Succeeded"]},"type":"Compose","inputs":"@array(body('Parse_JSON'))"},"Parse_JSON":{"type":"ParseJson","inputs":{"content":"@triggerBody()","schema":{"type":"object","properties":{"ID":{"type":"integer"},"Name":{"type":"string"},"FileNameWithExtension":{"type":"string"},"DeletedByUserName":{"type":"string"},"TimeDeleted":{"type":"string"},"IsFolder":{"type":"boolean"}}}}},"TableBorder":{"runAfter":{"Create_HTML_table":["Succeeded"]},"type":"Compose","inputs":"@{replace(body('Create_HTML_table'),'<table>','<table border=\"1\" style=\"border-collapse:collapse; width:100%;\">')}\n"}},"runAfter":{"Compose":["Succeeded"]},"else":{"actions":{}},"expression":{"and":[{"equals":["@and(\r\n  not(equals(variables('FileExtension'), 'dwl')),\r\n  not(equals(variables('FileExtension'), 'log')),\r\n  not(equals(variables('FileExtension'), 'dwl2')),\r\n  not(equals(variables('FileExtension'), 'bak')),\r\n  not(equals(variables('FileExtension'), 'ini')),\r\n  not(equals(variables('FileExtension'), 'db')),\r\n  not(equals(variables('FileExtension'), 'out')),\r\n  not(equals(variables('FileExtension'), 'cdc')),\r\n  not(equals(variables('FileExtension'), 'bakf-003'))\r\n)","@true"]},{"equals":["@triggerOutputs()?['body/IsFolder']","@false"]}]},"type":"If"}},"outputs":{}},"connectionReferences":{"shared_sharepointonline":{"connectionName":"a3b65885fb254d30ab3c09c3bacef1ae","source":"Embedded","id":"/providers/Microsoft.PowerApps/apis/shared_sharepointonline","tier":"NotSpecified","apiName":"sharepointonline","isProcessSimpleApiReferenceConversionAlreadyDone":false},"shared_sendmail":{"connectionName":"shared-sendmail-6e30a269-4483-4d91-8a33-89b7a5353fb8","source":"Embedded","id":"/providers/Microsoft.PowerApps/apis/shared_sendmail","tier":"NotSpecified","apiName":"sendmail","isProcessSimpleApiReferenceConversionAlreadyDone":false}},"flowFailureAlertSubscribed":false,"isManaged":false}}